-- phpMyAdmin SQL Dump
-- version 4.8.4
-- https://www.phpmyadmin.net/
--
-- Host: localhost
-- Czas generowania: 11 Lut 2019, 14:46
-- Wersja serwera: 10.0.36-MariaDB
-- Wersja PHP: 7.2.11

SET SQL_MODE = "NO_AUTO_VALUE_ON_ZERO";
SET AUTOCOMMIT = 0;
START TRANSACTION;
SET time_zone = "+00:00";


/*!40101 SET @OLD_CHARACTER_SET_CLIENT=@@CHARACTER_SET_CLIENT */;
/*!40101 SET @OLD_CHARACTER_SET_RESULTS=@@CHARACTER_SET_RESULTS */;
/*!40101 SET @OLD_COLLATION_CONNECTION=@@COLLATION_CONNECTION */;
/*!40101 SET NAMES utf8mb4 */;

--
-- Baza danych: `esportal_ov`
--

-- --------------------------------------------------------

--
-- Struktura tabeli dla tabeli `changelog`
--

CREATE TABLE `changelog` (
  `id` int(3) UNSIGNED ZEROFILL NOT NULL,
  `version` varchar(10) DEFAULT NULL,
  `changes` text CHARACTER SET utf8mb4 COLLATE utf8mb4_polish_ci,
  `date` datetime DEFAULT NULL,
  `admin` varchar(50) DEFAULT NULL
) ENGINE=MyISAM DEFAULT CHARSET=latin1;

--
-- Zrzut danych tabeli `changelog`
--

INSERT INTO `changelog` (`id`, `version`, `changes`, `date`, `admin`) VALUES
(001, '1.0', '- all for you', '2019-01-28 19:20:00', 'norbix');

-- --------------------------------------------------------

--
-- Struktura tabeli dla tabeli `heroleague`
--

CREATE TABLE `heroleague` (
  `id` int(8) UNSIGNED ZEROFILL NOT NULL,
  `user` varchar(40) COLLATE utf8_unicode_ci NOT NULL,
  `score` int(4) NOT NULL,
  `type` varchar(20) CHARACTER SET utf8mb4 COLLATE utf8mb4_polish_ci NOT NULL,
  `last_update` date NOT NULL
) ENGINE=MyISAM DEFAULT CHARSET=utf8 COLLATE=utf8_unicode_ci;

--
-- Zrzut danych tabeli `heroleague`
--

INSERT INTO `heroleague` (`id`, `user`, `score`, `type`, `last_update`) VALUES
(10000000, 'snackzz', 90, 'ZMIANA ELO', '2019-01-28'),
(10000001, 'YavuzKarasu', 80, 'ZMIANA ELO', '2019-01-28'),
(10000002, 'stitchzera', 77, 'ZMIANA ELO', '2019-01-28'),
(10000003, 'vithoh', 73, 'ZMIANA ELO', '2019-01-28'),
(10000004, 'majklz', 72, 'ZMIANA ELO', '2019-01-28'),
(10000005, 'ptkhehe', 70, 'ZMIANA ELO', '2019-01-28'),
(10000006, 'Ignis', 69, 'ZMIANA ELO', '2019-01-28'),
(10000007, 'NeXu5', 67, 'ZMIANA ELO', '2019-01-28'),
(10000008, 'sajmek', 65, 'ZMIANA ELO', '2019-01-28'),
(10000009, 'KoRRti', 62, 'ZMIANA ELO', '2019-01-28'),
(10000010, 'Robert222v3', 396, 'KILLE', '2019-01-28'),
(10000011, 'Quali', 358, 'KILLE', '2019-01-28'),
(10000012, 'fel1pee', 286, 'KILLE', '2019-01-28'),
(10000013, 'KondziO', 246, 'KILLE', '2019-01-28'),
(10000014, 'snackzz', 236, 'KILLE', '2019-01-28'),
(10000015, 'FarCiiiK', 225, 'KILLE', '2019-01-28'),
(10000016, 'hawke', 225, 'KILLE', '2019-01-28'),
(10000017, 'juniorbandi', 222, 'KILLE', '2019-01-28'),
(10000018, 'alivee', 220, 'KILLE', '2019-01-28'),
(10000019, 'YavuzKarasu', 215, 'KILLE', '2019-01-28'),
(10000020, 'YavuzKarasu', 118, 'AK-47', '2019-01-28'),
(10000021, 'egzisee', 95, 'AK-47', '2019-01-28'),
(10000022, 'ptkhehe', 88, 'AK-47', '2019-01-28'),
(10000023, 'snackzz', 84, 'AK-47', '2019-01-28'),
(10000024, 'mound', 83, 'AK-47', '2019-01-28'),
(10000025, 'Krychu', 77, 'AK-47', '2019-01-28'),
(10000026, 'alivee', 77, 'AK-47', '2019-01-28'),
(10000027, 'Nosek', 73, 'AK-47', '2019-01-28'),
(10000028, 'Shisha', 65, 'AK-47', '2019-01-28'),
(10000029, 'Magisterekkk', 62, 'AK-47', '2019-01-28'),
(10000030, 'Krychu', 83, 'M4A1-M4A4', '2019-01-28'),
(10000031, 'snackzz', 55, 'M4A1-M4A4', '2019-01-28'),
(10000032, 'YavuzKarasu', 52, 'M4A1-M4A4', '2019-01-28'),
(10000033, 'alivee', 51, 'M4A1-M4A4', '2019-01-28'),
(10000034, 'juniorbandi', 46, 'M4A1-M4A4', '2019-01-28'),
(10000035, 'egzisee', 41, 'M4A1-M4A4', '2019-01-28'),
(10000036, 'TMj', 38, 'M4A1-M4A4', '2019-01-28'),
(10000037, 'baczus', 38, 'M4A1-M4A4', '2019-01-28'),
(10000038, 'MojitoM', 37, 'M4A1-M4A4', '2019-01-28'),
(10000039, 'SUSHII', 36, 'M4A1-M4A4', '2019-01-28'),
(10000040, 'Robert222v3', 243, 'AWP', '2019-01-28'),
(10000041, 'fel1pee', 211, 'AWP', '2019-01-28'),
(10000042, 'Quali', 191, 'AWP', '2019-01-28'),
(10000043, 'KondziO', 133, 'AWP', '2019-01-28'),
(10000044, 'FarCiiiK', 106, 'AWP', '2019-01-28'),
(10000045, 'hawke', 77, 'AWP', '2019-01-28'),
(10000046, 'KoRRti', 68, 'AWP', '2019-01-28'),
(10000047, 'JacKobi', 58, 'AWP', '2019-01-28'),
(10000048, 'KUNGfuRobak', 56, 'AWP', '2019-01-28'),
(10000049, 'juniorbandi', 53, 'AWP', '2019-01-28'),
(10000050, 'hades2k', 89, 'ZMIANA ELO', '2019-01-29'),
(10000051, 'n0tice', 86, 'ZMIANA ELO', '2019-01-29'),
(10000052, 'luffyi', 82, 'ZMIANA ELO', '2019-01-29'),
(10000053, 'Koncaty', 79, 'ZMIANA ELO', '2019-01-29'),
(10000054, 'Kyrtap', 79, 'ZMIANA ELO', '2019-01-29'),
(10000055, 'Czapel', 72, 'ZMIANA ELO', '2019-01-29'),
(10000056, 'MjSk', 71, 'ZMIANA ELO', '2019-01-29'),
(10000057, 'ADILegend', 63, 'ZMIANA ELO', '2019-01-29'),
(10000058, 'kalaejj', 63, 'ZMIANA ELO', '2019-01-29'),
(10000059, 'pimpek', 58, 'ZMIANA ELO', '2019-01-29'),
(10000060, 'mxrriS', 287, 'KILLE', '2019-01-29'),
(10000061, 'jABBA', 258, 'KILLE', '2019-01-29'),
(10000062, 'FarCiiiK', 231, 'KILLE', '2019-01-29'),
(10000063, 'KUNGfuRobak', 228, 'KILLE', '2019-01-29'),
(10000064, 'snackzz', 212, 'KILLE', '2019-01-29'),
(10000065, 'GrudiaN', 209, 'KILLE', '2019-01-29'),
(10000066, 'Ryzy', 193, 'KILLE', '2019-01-29'),
(10000067, 'Pozi', 184, 'KILLE', '2019-01-29'),
(10000068, 'YavuzKarasu', 183, 'KILLE', '2019-01-29'),
(10000069, 'maku95', 173, 'KILLE', '2019-01-29'),
(10000070, 'Ryzy', 114, 'AK-47', '2019-01-29'),
(10000071, 'mxrriS', 104, 'AK-47', '2019-01-29'),
(10000072, 'FarCiiiK', 98, 'AK-47', '2019-01-29'),
(10000073, 'jABBA', 97, 'AK-47', '2019-01-29'),
(10000074, 'GrudiaN', 87, 'AK-47', '2019-01-29'),
(10000075, 'Pozi', 82, 'AK-47', '2019-01-29'),
(10000076, 'snackzz', 82, 'AK-47', '2019-01-29'),
(10000077, 'lenux1337', 78, 'AK-47', '2019-01-29'),
(10000078, 'MASA', 75, 'AK-47', '2019-01-29'),
(10000079, 'mittyx', 72, 'AK-47', '2019-01-29'),
(10000080, 'jABBA', 72, 'M4A1-M4A4', '2019-01-29'),
(10000081, 'snackzz', 56, 'M4A1-M4A4', '2019-01-29'),
(10000082, 'FarCiiiK', 43, 'M4A1-M4A4', '2019-01-29'),
(10000083, 'GrudiaN', 43, 'M4A1-M4A4', '2019-01-29'),
(10000084, 'Animall', 42, 'M4A1-M4A4', '2019-01-29'),
(10000085, 'AUHET5J', 41, 'M4A1-M4A4', '2019-01-29'),
(10000086, 'luffyi', 41, 'M4A1-M4A4', '2019-01-29'),
(10000087, 'mickyy', 39, 'M4A1-M4A4', '2019-01-29'),
(10000088, 'baczus', 39, 'M4A1-M4A4', '2019-01-29'),
(10000089, 'YavuzKarasu', 38, 'M4A1-M4A4', '2019-01-29'),
(10000090, 'KUNGfuRobak', 77, 'AWP', '2019-01-29'),
(10000091, 'mxrriS', 75, 'AWP', '2019-01-29'),
(10000092, 'hades2k', 60, 'AWP', '2019-01-29'),
(10000093, 'maku95', 48, 'AWP', '2019-01-29'),
(10000094, 'burito1337', 47, 'AWP', '2019-01-29'),
(10000095, 'pimpek', 44, 'AWP', '2019-01-29'),
(10000096, 'MasujDz1ka', 44, 'AWP', '2019-01-29'),
(10000097, 'Xzibit', 41, 'AWP', '2019-01-29'),
(10000098, 'inKre', 38, 'AWP', '2019-01-29'),
(10000099, 'pEfny', 38, 'AWP', '2019-01-29'),
(10000100, 'sequ', 153, 'ZMIANA ELO', '2019-01-30'),
(10000101, 'Quali', 282, 'KILLE', '2019-01-30'),
(10000102, 'FarCiiiK', 265, 'KILLE', '2019-01-30'),
(10000103, 'w1lko', 264, 'KILLE', '2019-01-30'),
(10000104, 'Krychu', 239, 'KILLE', '2019-01-30'),
(10000105, 'iamamiwhoami', 200, 'KILLE', '2019-01-30'),
(10000106, 'Fladzio', 190, 'KILLE', '2019-01-30'),
(10000107, 'jABBA', 164, 'AK-47', '2019-01-30'),
(10000108, 'FURYLELE', 104, 'AK-47', '2019-01-30'),
(10000109, 'fel1pee', 90, 'AK-47', '2019-01-30'),
(10000110, 'w1lko', 90, 'AK-47', '2019-01-30'),
(10000111, 'sequ', 293, 'KILLE', '2019-01-30'),
(10000112, 'jABBA', 313, 'KILLE', '2019-01-30'),
(10000113, 'Robert222v3', 355, 'KILLE', '2019-01-30'),
(10000114, 'MojitoM', 139, 'ZMIANA ELO', '2019-01-30'),
(10000115, 'mxrriS', 101, 'ZMIANA ELO', '2019-01-30'),
(10000116, 'FarCiiiK', 92, 'ZMIANA ELO', '2019-01-30'),
(10000117, 'jABBA', 84, 'ZMIANA ELO', '2019-01-30'),
(10000118, 'w1lko', 82, 'ZMIANA ELO', '2019-01-30'),
(10000119, 'sycik', 73, 'ZMIANA ELO', '2019-01-30'),
(10000120, 'zebko', 73, 'ZMIANA ELO', '2019-01-30'),
(10000121, 'ptkhehe', 72, 'ZMIANA ELO', '2019-01-30'),
(10000122, 'J0RD4N1', 67, 'ZMIANA ELO', '2019-01-30'),
(10000123, 'fel1pee', 499, 'KILLE', '2019-01-30'),
(10000124, 'FarCiiiK', 89, 'AK-47', '2019-01-30'),
(10000125, 'snackzz', 82, 'AK-47', '2019-01-30'),
(10000126, 'STOMPADRE', 41, 'AWP', '2019-01-30'),
(10000127, 'GrudiaN', 42, 'M4A1-M4A4', '2019-01-30'),
(10000128, 'sequ', 82, 'AWP', '2019-01-30'),
(10000129, 'iamamiwhoami', 64, 'AWP', '2019-01-30'),
(10000130, 'Vulther', 50, 'AWP', '2019-01-30'),
(10000131, 'Ciucmoq', 49, 'AWP', '2019-01-30'),
(10000132, 'Fondzu', 48, 'AWP', '2019-01-30'),
(10000133, 'JacKobi', 47, 'AWP', '2019-01-30'),
(10000134, 'w1lko', 46, 'AWP', '2019-01-30'),
(10000135, 'drq0', 44, 'AWP', '2019-01-30'),
(10000136, 'Fladzio', 42, 'AWP', '2019-01-30'),
(10000137, 'drq0', 43, 'M4A1-M4A4', '2019-01-30'),
(10000138, 'zebko', 46, 'M4A1-M4A4', '2019-01-30'),
(10000139, 'sequ', 51, 'M4A1-M4A4', '2019-01-30'),
(10000140, 'Pozi', 74, 'AK-47', '2019-01-30'),
(10000141, 'bommbel121', 74, 'AK-47', '2019-01-30'),
(10000142, 'sequ', 71, 'AK-47', '2019-01-30'),
(10000143, 'Robert222v3', 70, 'AK-47', '2019-01-30'),
(10000144, 'fel1pee', 267, 'M4A1-M4A4', '2019-01-30'),
(10000145, 'jABBA', 63, 'M4A1-M4A4', '2019-01-30'),
(10000146, 'Robert222v3', 202, 'M4A1-M4A4', '2019-01-30'),
(10000147, 'Quali', 123, 'M4A1-M4A4', '2019-01-30'),
(10000148, 'Krychu', 112, 'M4A1-M4A4', '2019-01-30'),
(10000149, 'FarCiiiK', 110, 'M4A1-M4A4', '2019-01-30'),
(10000150, 'JaspEer', 95, 'ZMIANA ELO', '2019-01-31'),
(10000151, 'Hijii', 86, 'ZMIANA ELO', '2019-01-31'),
(10000152, 'Krychu', 84, 'ZMIANA ELO', '2019-01-31'),
(10000153, 'Slawomir', 75, 'ZMIANA ELO', '2019-01-31'),
(10000154, 'myceK', 71, 'ZMIANA ELO', '2019-01-31'),
(10000155, 'michalino240111', 70, 'ZMIANA ELO', '2019-01-31'),
(10000156, 'juniorbandi', 69, 'ZMIANA ELO', '2019-01-31'),
(10000157, 'FrOzbO', 68, 'ZMIANA ELO', '2019-01-31'),
(10000158, 'W0JT4Z', 65, 'ZMIANA ELO', '2019-01-31'),
(10000159, 'lenux1337', 65, 'ZMIANA ELO', '2019-01-31'),
(10000160, 'Hijii', 371, 'KILLE', '2019-01-31'),
(10000161, 'Krychu', 336, 'KILLE', '2019-01-31'),
(10000162, 'w1lko', 259, 'KILLE', '2019-01-31'),
(10000163, 'sequ', 253, 'KILLE', '2019-01-31'),
(10000164, 'JaspEer', 246, 'KILLE', '2019-01-31'),
(10000165, 'mxrriS', 236, 'KILLE', '2019-01-31'),
(10000166, 'juniorbandi', 232, 'KILLE', '2019-01-31'),
(10000167, 'ST9NTARES', 230, 'KILLE', '2019-01-31'),
(10000168, 'Robert222v3', 218, 'KILLE', '2019-01-31'),
(10000169, 'baczus', 216, 'KILLE', '2019-01-31'),
(10000170, 'Krychu', 136, 'AK-47', '2019-01-31'),
(10000171, 'Hijii', 116, 'AK-47', '2019-01-31'),
(10000172, 'w1lko', 115, 'AK-47', '2019-01-31'),
(10000173, 'JaspEer', 113, 'AK-47', '2019-01-31'),
(10000174, 'Fladzio', 100, 'AK-47', '2019-01-31'),
(10000175, 'Robert222v3', 99, 'AK-47', '2019-01-31'),
(10000176, 'Penny', 98, 'AK-47', '2019-01-31'),
(10000177, 'JUGGHEAD', 93, 'AK-47', '2019-01-31'),
(10000178, 'ST9NTARES', 91, 'AK-47', '2019-01-31'),
(10000179, 'baczus', 89, 'AK-47', '2019-01-31'),
(10000180, 'Krychu', 102, 'M4A1-M4A4', '2019-01-31'),
(10000181, 'Hijii', 81, 'M4A1-M4A4', '2019-01-31'),
(10000182, 'HANTARO', 53, 'M4A1-M4A4', '2019-01-31'),
(10000183, 'baczus', 48, 'M4A1-M4A4', '2019-01-31'),
(10000184, 'wiktorbaran', 46, 'M4A1-M4A4', '2019-01-31'),
(10000185, 'iamamiwhoami', 45, 'M4A1-M4A4', '2019-01-31'),
(10000186, 'JUGGHEAD', 45, 'M4A1-M4A4', '2019-01-31'),
(10000187, 'Robert222v3', 43, 'M4A1-M4A4', '2019-01-31'),
(10000188, 'VaiReNN', 40, 'M4A1-M4A4', '2019-01-31'),
(10000189, 'JJbozy', 38, 'M4A1-M4A4', '2019-01-31'),
(10000190, 'sequ', 103, 'AWP', '2019-01-31'),
(10000191, 'Hijii', 70, 'AWP', '2019-01-31'),
(10000192, 'mxrriS', 69, 'AWP', '2019-01-31'),
(10000193, 'juniorbandi', 62, 'AWP', '2019-01-31'),
(10000194, 'KUNGfuRobak', 57, 'AWP', '2019-01-31'),
(10000195, 'Cappyshon', 53, 'AWP', '2019-01-31'),
(10000196, 'lenux1337', 53, 'AWP', '2019-01-31'),
(10000197, 'Muzyk14', 52, 'AWP', '2019-01-31'),
(10000198, 'iamamiwhoami', 51, 'AWP', '2019-01-31'),
(10000199, 'Dawca96', 47, 'AWP', '2019-01-31'),
(10000200, 'CYNEX', 121, 'ZMIANA ELO', '2019-02-01'),
(10000201, 'Gazing', 108, 'ZMIANA ELO', '2019-02-01'),
(10000202, 'Alex0629', 107, 'ZMIANA ELO', '2019-02-01'),
(10000203, 'skitzbror', 106, 'ZMIANA ELO', '2019-02-01'),
(10000204, 'forzelele', 104, 'ZMIANA ELO', '2019-02-01'),
(10000205, 'kokospaj', 99, 'ZMIANA ELO', '2019-02-01'),
(10000206, 'OneHandProject', 97, 'ZMIANA ELO', '2019-02-01'),
(10000207, 'npmqrk', 95, 'ZMIANA ELO', '2019-02-01'),
(10000208, 'Clyfta', 95, 'ZMIANA ELO', '2019-02-01'),
(10000209, 'lukawow', 94, 'ZMIANA ELO', '2019-02-01'),
(10000210, 'VotN', 431, 'KILLE', '2019-02-01'),
(10000211, 'mxrriS', 341, 'KILLE', '2019-02-01'),
(10000212, 'lilKempe', 310, 'KILLE', '2019-02-01'),
(10000213, 'maumau', 298, 'KILLE', '2019-02-01'),
(10000214, 'nej0', 289, 'KILLE', '2019-02-01'),
(10000215, 'stonecold', 288, 'KILLE', '2019-02-01'),
(10000216, 'Khooya', 282, 'KILLE', '2019-02-01'),
(10000217, 'ptkhehe', 281, 'KILLE', '2019-02-01'),
(10000218, 'eNjini', 268, 'KILLE', '2019-02-01'),
(10000219, '0rmjaeveL', 268, 'KILLE', '2019-02-01'),
(10000220, 'lilKempe', 152, 'AK-47', '2019-02-01'),
(10000221, 'koong', 141, 'AK-47', '2019-02-01'),
(10000222, 'VotN', 133, 'AK-47', '2019-02-01'),
(10000223, 'mxrriS', 131, 'AK-47', '2019-02-01'),
(10000224, 'ptkhehe', 131, 'AK-47', '2019-02-01'),
(10000225, 'nej0', 126, 'AK-47', '2019-02-01'),
(10000226, 'Khooya', 123, 'AK-47', '2019-02-01'),
(10000227, 'Donitoo', 118, 'AK-47', '2019-02-01'),
(10000228, 'FRV', 112, 'AK-47', '2019-02-01'),
(10000229, 'cYox', 110, 'AK-47', '2019-02-01'),
(10000230, 'cYox', 79, 'M4A1-M4A4', '2019-02-01'),
(10000231, 'ptkhehe', 69, 'M4A1-M4A4', '2019-02-01'),
(10000232, 'VotN', 67, 'M4A1-M4A4', '2019-02-01'),
(10000233, 'Znipe', 63, 'M4A1-M4A4', '2019-02-01'),
(10000234, 'teewee', 61, 'M4A1-M4A4', '2019-02-01'),
(10000235, 'EstexX', 60, 'M4A1-M4A4', '2019-02-01'),
(10000236, 'quub', 60, 'M4A1-M4A4', '2019-02-01'),
(10000237, 'SagaForce', 58, 'M4A1-M4A4', '2019-02-01'),
(10000238, 'BR0r', 56, 'M4A1-M4A4', '2019-02-01'),
(10000239, 'loa', 54, 'M4A1-M4A4', '2019-02-01'),
(10000240, 'VotN', 101, 'AWP', '2019-02-01'),
(10000241, 'JaniK', 91, 'AWP', '2019-02-01'),
(10000242, 'WhoRacle', 86, 'AWP', '2019-02-01'),
(10000243, 'MASTERMINDcs', 85, 'AWP', '2019-02-01'),
(10000244, 'mxrriS', 84, 'AWP', '2019-02-01'),
(10000245, 'stonecold', 83, 'AWP', '2019-02-01'),
(10000246, 'Lini', 80, 'AWP', '2019-02-01'),
(10000247, 'CYNEX', 73, 'AWP', '2019-02-01'),
(10000248, 'ez4SwitchA', 71, 'AWP', '2019-02-01'),
(10000249, 'AleC', 70, 'AWP', '2019-02-01'),
(10000250, 'momze1', 171, 'ZMIANA ELO', '2019-02-02'),
(10000251, 'Skattebrott', 165, 'ZMIANA ELO', '2019-02-02'),
(10000252, 'fidel', 150, 'ZMIANA ELO', '2019-02-02'),
(10000253, 'swefighter', 146, 'ZMIANA ELO', '2019-02-02'),
(10000254, 'evilface', 136, 'ZMIANA ELO', '2019-02-02'),
(10000255, 'TapNoOne', 130, 'ZMIANA ELO', '2019-02-02'),
(10000256, 'hiP', 127, 'ZMIANA ELO', '2019-02-02'),
(10000257, 'LucasGames', 121, 'ZMIANA ELO', '2019-02-02'),
(10000258, 'shiba', 117, 'ZMIANA ELO', '2019-02-02'),
(10000259, 'sThaaler', 112, 'ZMIANA ELO', '2019-02-02'),
(10000260, 'shiba', 425, 'KILLE', '2019-02-02'),
(10000261, 'momze1', 413, 'KILLE', '2019-02-02'),
(10000262, 'Skattebrott', 377, 'KILLE', '2019-02-02'),
(10000263, 'awien', 333, 'KILLE', '2019-02-02'),
(10000264, 'somnatten', 331, 'KILLE', '2019-02-02'),
(10000265, 'fidel', 328, 'KILLE', '2019-02-02'),
(10000266, 'mxrriS', 322, 'KILLE', '2019-02-02'),
(10000267, 'benimzor01', 313, 'KILLE', '2019-02-02'),
(10000268, 'Gazing', 309, 'KILLE', '2019-02-02'),
(10000269, 'Freakmaster', 303, 'KILLE', '2019-02-02'),
(10000270, 'shiba', 216, 'AK-47', '2019-02-02'),
(10000271, 'momze1', 155, 'AK-47', '2019-02-02'),
(10000272, 'mxrriS', 142, 'AK-47', '2019-02-02'),
(10000273, 'Freakmaster', 139, 'AK-47', '2019-02-02'),
(10000274, 'Gazing', 138, 'AK-47', '2019-02-02'),
(10000275, 'bobxD', 127, 'AK-47', '2019-02-02'),
(10000276, 'Odh', 125, 'AK-47', '2019-02-02'),
(10000277, 'hiP', 121, 'AK-47', '2019-02-02'),
(10000278, 'SecondTry', 119, 'AK-47', '2019-02-02'),
(10000279, 'nLs', 114, 'AK-47', '2019-02-02'),
(10000280, 'eXXe', 83, 'M4A1-M4A4', '2019-02-02'),
(10000281, 'luun', 78, 'M4A1-M4A4', '2019-02-02'),
(10000282, 'qemist', 75, 'M4A1-M4A4', '2019-02-02'),
(10000283, 'teewee', 71, 'M4A1-M4A4', '2019-02-02'),
(10000284, 'MaPrieX', 67, 'M4A1-M4A4', '2019-02-02'),
(10000285, 'MojitoM', 66, 'M4A1-M4A4', '2019-02-02'),
(10000286, 'SecondTry', 65, 'M4A1-M4A4', '2019-02-02'),
(10000287, 'PuNishR', 64, 'M4A1-M4A4', '2019-02-02'),
(10000288, 'FilleN15', 64, 'M4A1-M4A4', '2019-02-02'),
(10000289, 'Gazing', 63, 'M4A1-M4A4', '2019-02-02'),
(10000290, 'fidel', 133, 'AWP', '2019-02-02'),
(10000291, 'Skattebrott', 123, 'AWP', '2019-02-02'),
(10000292, 'WhoRacle', 120, 'AWP', '2019-02-02'),
(10000293, 'Proxor', 120, 'AWP', '2019-02-02'),
(10000294, 'Synkux', 113, 'AWP', '2019-02-02'),
(10000295, 'momze1', 110, 'AWP', '2019-02-02'),
(10000296, 'hyped1', 110, 'AWP', '2019-02-02'),
(10000297, 'gas00n', 110, 'AWP', '2019-02-02'),
(10000298, 'sequ', 99, 'AWP', '2019-02-02'),
(10000299, 'Professor218', 94, 'AWP', '2019-02-02'),
(10000300, 'DTBYD', 169, 'ZMIANA ELO', '2019-02-03'),
(10000301, 'dec1', 169, 'ZMIANA ELO', '2019-02-03'),
(10000302, 'w1zMONSTA', 164, 'ZMIANA ELO', '2019-02-03'),
(10000303, 'maeggi', 154, 'ZMIANA ELO', '2019-02-03'),
(10000304, 'auroooo', 142, 'ZMIANA ELO', '2019-02-03'),
(10000305, 'majran', 136, 'ZMIANA ELO', '2019-02-03'),
(10000306, 'neadek', 134, 'ZMIANA ELO', '2019-02-03'),
(10000307, 'datz', 134, 'ZMIANA ELO', '2019-02-03'),
(10000308, 'shiba', 128, 'ZMIANA ELO', '2019-02-03'),
(10000309, 'mcnip', 126, 'ZMIANA ELO', '2019-02-03'),
(10000310, 'mxrriS', 542, 'KILLE', '2019-02-03'),
(10000311, 'FarCiiiK', 487, 'KILLE', '2019-02-03'),
(10000312, 'ciuralla', 459, 'KILLE', '2019-02-03'),
(10000313, 'Tompan', 430, 'KILLE', '2019-02-03'),
(10000314, 'datz', 324, 'KILLE', '2019-02-03'),
(10000315, 'apply', 319, 'KILLE', '2019-02-03'),
(10000316, 'zOO1', 313, 'KILLE', '2019-02-03'),
(10000317, 'BabaBaloo', 307, 'KILLE', '2019-02-03'),
(10000318, 'Skattebrott', 301, 'KILLE', '2019-02-03'),
(10000319, 'hooraYmeoW', 300, 'KILLE', '2019-02-03'),
(10000320, 'apply', 145, 'AK-47', '2019-02-03'),
(10000321, 'BabaBaloo', 133, 'AK-47', '2019-02-03'),
(10000322, 'Tompan', 132, 'AK-47', '2019-02-03'),
(10000323, 'FuzKIgTNamNxDxP', 129, 'AK-47', '2019-02-03'),
(10000324, 'invalid', 128, 'AK-47', '2019-02-03'),
(10000325, 'LONSy', 127, 'AK-47', '2019-02-03'),
(10000326, 'Wwwwwwww', 127, 'AK-47', '2019-02-03'),
(10000327, 'cocacabanaAa', 127, 'AK-47', '2019-02-03'),
(10000328, 'datz', 125, 'AK-47', '2019-02-03'),
(10000329, 'disturb', 124, 'AK-47', '2019-02-03'),
(10000330, 'ciuralla', 283, 'M4A1-M4A4', '2019-02-03'),
(10000331, 'mxrriS', 275, 'M4A1-M4A4', '2019-02-03'),
(10000332, 'FarCiiiK', 273, 'M4A1-M4A4', '2019-02-03'),
(10000333, 'zOO1', 158, 'M4A1-M4A4', '2019-02-03'),
(10000334, 'Quali', 101, 'M4A1-M4A4', '2019-02-03'),
(10000335, 'Nosek', 78, 'M4A1-M4A4', '2019-02-03'),
(10000336, 'Orrti', 78, 'M4A1-M4A4', '2019-02-03'),
(10000337, 'Shuu', 74, 'M4A1-M4A4', '2019-02-03'),
(10000338, 'flwsterN', 73, 'M4A1-M4A4', '2019-02-03'),
(10000339, 'JJbozy', 72, 'M4A1-M4A4', '2019-02-03'),
(10000340, 'WhoRacle', 148, 'AWP', '2019-02-03'),
(10000341, 'hooraYmeoW', 111, 'AWP', '2019-02-03'),
(10000342, 'STFW', 109, 'AWP', '2019-02-03'),
(10000343, 'Keco', 104, 'AWP', '2019-02-03'),
(10000344, 'momze1', 104, 'AWP', '2019-02-03'),
(10000345, 'Weeezy', 100, 'AWP', '2019-02-03'),
(10000346, 'gas00n', 89, 'AWP', '2019-02-03'),
(10000347, 'rhyfuLme', 89, 'AWP', '2019-02-03'),
(10000348, 'n1ls10', 89, 'AWP', '2019-02-03'),
(10000349, 'Skattebrott', 88, 'AWP', '2019-02-03'),
(10000350, 'swefighter', 182, 'ZMIANA ELO', '2019-02-04'),
(10000351, 'fakeNN', 115, 'ZMIANA ELO', '2019-02-04'),
(10000352, 'FuzKIgTNamNxDxP', 113, 'ZMIANA ELO', '2019-02-04'),
(10000353, 'SICKARIO', 111, 'ZMIANA ELO', '2019-02-04'),
(10000354, 'Wwwwwwww', 107, 'ZMIANA ELO', '2019-02-04'),
(10000355, 'Vidargen', 106, 'ZMIANA ELO', '2019-02-04'),
(10000356, 'koen1sch', 105, 'ZMIANA ELO', '2019-02-04'),
(10000357, 'Keco', 105, 'ZMIANA ELO', '2019-02-04'),
(10000358, 'W4LTER', 104, 'ZMIANA ELO', '2019-02-04'),
(10000359, 'andreKING', 103, 'ZMIANA ELO', '2019-02-04'),
(10000360, 'dannedunder1', 406, 'KILLE', '2019-02-04'),
(10000361, 'Hajs', 391, 'KILLE', '2019-02-04'),
(10000362, 'zOO1', 390, 'KILLE', '2019-02-04'),
(10000363, 'swefighter', 359, 'KILLE', '2019-02-04'),
(10000364, 'GREEEEEEENy', 339, 'KILLE', '2019-02-04'),
(10000365, 'ciuralla', 338, 'KILLE', '2019-02-04'),
(10000366, 'Tionix', 320, 'KILLE', '2019-02-04'),
(10000367, 'lenux1337', 317, 'KILLE', '2019-02-04'),
(10000368, 'xBlunT', 293, 'KILLE', '2019-02-04'),
(10000369, 'IVAREZ', 289, 'KILLE', '2019-02-04'),
(10000370, 'Tionix', 178, 'AK-47', '2019-02-04'),
(10000371, 'dannedunder1', 152, 'AK-47', '2019-02-04'),
(10000372, 'GREEEEEEENy', 145, 'AK-47', '2019-02-04'),
(10000373, 'swefighter', 144, 'AK-47', '2019-02-04'),
(10000374, 'nej0', 139, 'AK-47', '2019-02-04'),
(10000375, 'Wwwwwwww', 123, 'AK-47', '2019-02-04'),
(10000376, 'FuzKIgTNamNxDxP', 123, 'AK-47', '2019-02-04'),
(10000377, 'Fill3', 114, 'AK-47', '2019-02-04'),
(10000378, 'lilKempe', 111, 'AK-47', '2019-02-04'),
(10000379, 'SlockaN', 110, 'AK-47', '2019-02-04'),
(10000380, 'zOO1', 217, 'M4A1-M4A4', '2019-02-04'),
(10000381, 'ciuralla', 204, 'M4A1-M4A4', '2019-02-04'),
(10000382, 'Hajs', 194, 'M4A1-M4A4', '2019-02-04'),
(10000383, 'ptkhehe', 94, 'M4A1-M4A4', '2019-02-04'),
(10000384, 'Grycek', 93, 'M4A1-M4A4', '2019-02-04'),
(10000385, 'Quali', 92, 'M4A1-M4A4', '2019-02-04'),
(10000386, 'LuckyDuck', 77, 'M4A1-M4A4', '2019-02-04'),
(10000387, 'Orrti', 71, 'M4A1-M4A4', '2019-02-04'),
(10000388, 'pVIERtrick', 67, 'M4A1-M4A4', '2019-02-04'),
(10000389, 'Raindance', 67, 'M4A1-M4A4', '2019-02-04'),
(10000390, 'WhoRacle', 100, 'AWP', '2019-02-04'),
(10000391, 'IVAREZ', 95, 'AWP', '2019-02-04'),
(10000392, 'senseyy', 93, 'AWP', '2019-02-04'),
(10000393, 'R3Gi3', 80, 'AWP', '2019-02-04'),
(10000394, 'dannedunder1', 76, 'AWP', '2019-02-04'),
(10000395, 'PanDaOfc', 72, 'AWP', '2019-02-04'),
(10000396, 'KoRRti', 70, 'AWP', '2019-02-04'),
(10000397, 'cezik1337', 69, 'AWP', '2019-02-04'),
(10000398, 'Ing3', 68, 'AWP', '2019-02-04'),
(10000399, 'busnorthland', 68, 'AWP', '2019-02-04'),
(10000400, 'mmde', 154, 'ZMIANA ELO', '2019-02-05'),
(10000401, 'L1Nie', 126, 'ZMIANA ELO', '2019-02-05'),
(10000402, 'maumau', 111, 'ZMIANA ELO', '2019-02-05'),
(10000403, 'alex1337', 111, 'ZMIANA ELO', '2019-02-05'),
(10000404, 'GREEEEEEENy', 111, 'ZMIANA ELO', '2019-02-05'),
(10000405, 'fR0NTLiNE', 110, 'ZMIANA ELO', '2019-02-05'),
(10000406, 'Steadyy', 108, 'ZMIANA ELO', '2019-02-05'),
(10000407, 'oowl', 106, 'ZMIANA ELO', '2019-02-05'),
(10000408, 'C4rst3n', 105, 'ZMIANA ELO', '2019-02-05'),
(10000409, 'Sch1ggy', 104, 'ZMIANA ELO', '2019-02-05'),
(10000410, 'zOO1', 497, 'KILLE', '2019-02-05'),
(10000411, 'ciuralla', 461, 'KILLE', '2019-02-05'),
(10000412, 'mmde', 391, 'KILLE', '2019-02-05'),
(10000413, 'dannedunder1', 360, 'KILLE', '2019-02-05'),
(10000414, 'GREEEEEEENy', 353, 'KILLE', '2019-02-05'),
(10000415, 'nej0', 345, 'KILLE', '2019-02-05'),
(10000416, 'timpannn', 302, 'KILLE', '2019-02-05'),
(10000417, 'Arrox', 287, 'KILLE', '2019-02-05'),
(10000418, 'zitt', 284, 'KILLE', '2019-02-05'),
(10000419, 'RBT', 280, 'KILLE', '2019-02-05'),
(10000420, 'nej0', 161, 'AK-47', '2019-02-05'),
(10000421, 'mmde', 152, 'AK-47', '2019-02-05'),
(10000422, 'dannedunder1', 140, 'AK-47', '2019-02-05'),
(10000423, 'caarlo', 139, 'AK-47', '2019-02-05'),
(10000424, 'zitt', 139, 'AK-47', '2019-02-05'),
(10000425, 'JeppeCS', 136, 'AK-47', '2019-02-05'),
(10000426, 'timpannn', 130, 'AK-47', '2019-02-05'),
(10000427, 'GREEEEEEENy', 129, 'AK-47', '2019-02-05'),
(10000428, 'M4NG0L0C0', 118, 'AK-47', '2019-02-05'),
(10000429, 'FuzKIgTNamNxDxP', 113, 'AK-47', '2019-02-05'),
(10000430, 'mmde', 96, 'M4A1-M4A4', '2019-02-05'),
(10000431, 'miziL', 76, 'M4A1-M4A4', '2019-02-05'),
(10000432, 'M4NG0L0C0', 70, 'M4A1-M4A4', '2019-02-05'),
(10000433, 'zitt', 67, 'M4A1-M4A4', '2019-02-05'),
(10000434, 'whezy', 59, 'M4A1-M4A4', '2019-02-05'),
(10000435, 'andreKING', 59, 'M4A1-M4A4', '2019-02-05'),
(10000436, 'BengaN1', 58, 'M4A1-M4A4', '2019-02-05'),
(10000437, 'DiivaNi', 58, 'M4A1-M4A4', '2019-02-05'),
(10000438, 'maumau', 57, 'M4A1-M4A4', '2019-02-05'),
(10000439, 'Kargiganti', 54, 'M4A1-M4A4', '2019-02-05'),
(10000440, 'zOO1', 353, 'AWP', '2019-02-05'),
(10000441, 'ciuralla', 343, 'AWP', '2019-02-05'),
(10000442, 'Grycek', 184, 'AWP', '2019-02-05'),
(10000443, 'FarCiiiK', 139, 'AWP', '2019-02-05'),
(10000444, 'Orrti', 127, 'AWP', '2019-02-05'),
(10000445, 'Quali', 110, 'AWP', '2019-02-05'),
(10000446, 'jnkej', 106, 'AWP', '2019-02-05'),
(10000447, 'AleC', 96, 'AWP', '2019-02-05'),
(10000448, 'Hajs', 89, 'AWP', '2019-02-05'),
(10000449, 'Krychu', 84, 'AWP', '2019-02-05'),
(10000455, 'SOMEONIK', 56, 'ZMIANA ELO', '2019-02-06'),
(10000452, 'Diegus', 85, 'ZMIANA ELO', '2019-02-06'),
(10000450, 'Nexus1199', 116, 'ZMIANA ELO', '2019-02-06'),
(10000456, 'vundziak', 56, 'ZMIANA ELO', '2019-02-06'),
(10000454, 'PrototypBwo', 61, 'ZMIANA ELO', '2019-02-06'),
(10000453, 'mallibu', 63, 'ZMIANA ELO', '2019-02-06'),
(10000451, 'ciuralla', 105, 'ZMIANA ELO', '2019-02-06'),
(10000460, 'ptkhehe', 350, 'KILLE', '2019-02-06'),
(10000461, 'dannedunder1', 344, 'KILLE', '2019-02-06'),
(10000462, 'tama', 328, 'KILLE', '2019-02-06'),
(10000463, 'tesslan', 325, 'KILLE', '2019-02-06'),
(10000464, 'vundziak', 323, 'KILLE', '2019-02-06'),
(10000465, 'pr0xima', 285, 'KILLE', '2019-02-06'),
(10000466, 'brb', 271, 'KILLE', '2019-02-06'),
(10000467, 'ciuralla', 271, 'KILLE', '2019-02-06'),
(10000468, 'MjjsoN', 264, 'KILLE', '2019-02-06'),
(10000469, 'xiao', 263, 'KILLE', '2019-02-06'),
(10000470, 'ptkhehe', 158, 'AK-47', '2019-02-06'),
(10000471, 'vundziak', 136, 'AK-47', '2019-02-06'),
(10000472, 'tesslan', 128, 'AK-47', '2019-02-06'),
(10000473, 'shibaa', 128, 'AK-47', '2019-02-06'),
(10000474, 'dannedunder1', 124, 'AK-47', '2019-02-06'),
(10000475, 'nej0', 119, 'AK-47', '2019-02-06'),
(10000476, 'moe1g', 117, 'AK-47', '2019-02-06'),
(10000477, 'ASD', 111, 'AK-47', '2019-02-06'),
(10000478, 'pr0xima', 107, 'AK-47', '2019-02-06'),
(10000479, 'Niclasmeister', 106, 'AK-47', '2019-02-06'),
(10000480, 'xiao', 86, 'M4A1-M4A4', '2019-02-06'),
(10000481, 'vundziak', 81, 'M4A1-M4A4', '2019-02-06'),
(10000482, 'ptkhehe', 78, 'M4A1-M4A4', '2019-02-06'),
(10000483, 'JiN0', 62, 'M4A1-M4A4', '2019-02-06'),
(10000484, 'ciuralla', 57, 'M4A1-M4A4', '2019-02-06'),
(10000485, 'RORSCH4CH', 56, 'M4A1-M4A4', '2019-02-06'),
(10000486, 'NeriSD', 55, 'M4A1-M4A4', '2019-02-06'),
(10000487, 'St1vNN', 54, 'M4A1-M4A4', '2019-02-06'),
(10000488, 'miziL', 54, 'M4A1-M4A4', '2019-02-06'),
(10000489, 'ASD', 53, 'M4A1-M4A4', '2019-02-06'),
(10000490, 'momze1', 102, 'AWP', '2019-02-06'),
(10000491, 'guttaan', 89, 'AWP', '2019-02-06'),
(10000492, 'chucKyLAW', 80, 'AWP', '2019-02-06'),
(10000493, 'tama', 75, 'AWP', '2019-02-06'),
(10000494, 'Alfastas', 73, 'AWP', '2019-02-06'),
(10000495, 'tesslan', 73, 'AWP', '2019-02-06'),
(10000496, 'dannedunder1', 73, 'AWP', '2019-02-06'),
(10000497, 'Diagnostic', 69, 'AWP', '2019-02-06'),
(10000498, 'b0caz', 65, 'AWP', '2019-02-06'),
(10000499, 'neXt7', 64, 'AWP', '2019-02-06'),
(10000457, 'Boll', 51, 'ZMIANA ELO', '2019-02-06'),
(10000458, 'luq155', 50, 'ZMIANA ELO', '2019-02-06'),
(10000459, 'fel1pee', 46, 'ZMIANA ELO', '2019-02-06'),
(10000501, 'Messaya', 99, 'ZMIANA ELO', '2019-02-07'),
(10000502, 'MojitoM', 94, 'ZMIANA ELO', '2019-02-07'),
(10000503, 'sequ', 91, 'ZMIANA ELO', '2019-02-07'),
(10000504, 'Chaluny', 85, 'ZMIANA ELO', '2019-02-07'),
(10000505, 'Vietor', 84, 'ZMIANA ELO', '2019-02-07'),
(10000506, 'dFXonFIRE', 81, 'ZMIANA ELO', '2019-02-07'),
(10000507, 'BMG94', 80, 'ZMIANA ELO', '2019-02-07'),
(10000508, 'lokz', 77, 'ZMIANA ELO', '2019-02-07'),
(10000509, 'norek', 77, 'ZMIANA ELO', '2019-02-07'),
(10000510, 'KoRRti', 69, 'ZMIANA ELO', '2019-02-07'),
(10000511, 'BMG94', 260, 'KILLE', '2019-02-07'),
(10000512, 'JJbozy', 256, 'KILLE', '2019-02-07'),
(10000513, 'whitejuice', 253, 'KILLE', '2019-02-07'),
(10000514, 'mxrriS', 226, 'KILLE', '2019-02-07'),
(10000515, 'TMj', 223, 'KILLE', '2019-02-07'),
(10000516, 'KoRRti', 201, 'KILLE', '2019-02-07'),
(10000517, 'JacKobi', 200, 'KILLE', '2019-02-07'),
(10000518, 'mlynkOOO', 195, 'KILLE', '2019-02-07'),
(10000519, 'norek', 195, 'KILLE', '2019-02-07'),
(10000520, 'grubymontana', 184, 'KILLE', '2019-02-07'),
(10000521, 'whitejuice', 120, 'AK-47', '2019-02-07'),
(10000522, 'BMG94', 103, 'AK-47', '2019-02-07'),
(10000523, 'JJbozy', 101, 'AK-47', '2019-02-07'),
(10000524, 'sycik', 88, 'AK-47', '2019-02-07'),
(10000525, 'ptkhehe', 87, 'AK-47', '2019-02-07'),
(10000526, 'TMj', 81, 'AK-47', '2019-02-07'),
(10000527, 'Chaluny', 76, 'AK-47', '2019-02-07'),
(10000528, 'mxrriS', 75, 'AK-47', '2019-02-07'),
(10000529, 'norek', 71, 'AK-47', '2019-02-07'),
(10000530, 'grubymontana', 70, 'AK-47', '2019-02-07'),
(10000531, 'JJbozy', 66, 'M4A1-M4A4', '2019-02-07'),
(10000532, 'dFXonFIRE', 54, 'M4A1-M4A4', '2019-02-07'),
(10000533, 'BMG94', 50, 'M4A1-M4A4', '2019-02-07'),
(10000534, 'Kirner', 45, 'M4A1-M4A4', '2019-02-07'),
(10000535, 'lokz', 44, 'M4A1-M4A4', '2019-02-07'),
(10000536, 'xiao', 42, 'M4A1-M4A4', '2019-02-07'),
(10000537, 'alivee', 39, 'M4A1-M4A4', '2019-02-07'),
(10000538, 'whitejuice', 39, 'M4A1-M4A4', '2019-02-07'),
(10000539, 'Lumpy', 35, 'M4A1-M4A4', '2019-02-07'),
(10000540, 'luq155', 34, 'M4A1-M4A4', '2019-02-07'),
(10000541, 'shiBBy96', 79, 'AWP', '2019-02-07'),
(10000542, 'KoRRti', 73, 'AWP', '2019-02-07'),
(10000543, 'mxrriS', 71, 'AWP', '2019-02-07'),
(10000544, 'JacKobi', 63, 'AWP', '2019-02-07'),
(10000545, 'xwxbx', 57, 'AWP', '2019-02-07'),
(10000546, 'waxxy', 54, 'AWP', '2019-02-07'),
(10000547, 'LucasV', 50, 'AWP', '2019-02-07'),
(10000548, 'ikS', 48, 'AWP', '2019-02-07'),
(10000549, 'cezik1337', 48, 'AWP', '2019-02-07'),
(10000550, 'soonbg', 47, 'AWP', '2019-02-07'),
(10000551, 'Nexus1199', 93, 'ZMIANA ELO', '2019-02-08'),
(10000552, 'Spari', 91, 'ZMIANA ELO', '2019-02-08'),
(10000553, 'norek', 89, 'ZMIANA ELO', '2019-02-08'),
(10000554, 'JPKPRO', 77, 'ZMIANA ELO', '2019-02-08'),
(10000555, 'nojse', 73, 'ZMIANA ELO', '2019-02-08'),
(10000556, 'CziQi', 73, 'ZMIANA ELO', '2019-02-08'),
(10000557, 'Hajs', 70, 'ZMIANA ELO', '2019-02-08'),
(10000558, 'aaaaaaaaa', 67, 'ZMIANA ELO', '2019-02-08'),
(10000559, 'shork', 62, 'ZMIANA ELO', '2019-02-08'),
(10000560, 'maT95', 62, 'ZMIANA ELO', '2019-02-08'),
(10000561, 'Hajs', 482, 'KILLE', '2019-02-08'),
(10000562, 'ciuralla', 297, 'KILLE', '2019-02-08'),
(10000563, 'mxrriS', 291, 'KILLE', '2019-02-08'),
(10000564, 'MARRYS', 234, 'KILLE', '2019-02-08'),
(10000565, 'FarCiiiK', 226, 'KILLE', '2019-02-08'),
(10000566, 'Nexus1199', 218, 'KILLE', '2019-02-08'),
(10000567, 'BMG94', 214, 'KILLE', '2019-02-08'),
(10000568, 'whitejuice', 200, 'KILLE', '2019-02-08'),
(10000569, 'luq155', 195, 'KILLE', '2019-02-08'),
(10000570, 'Hijii', 177, 'KILLE', '2019-02-08'),
(10000571, 'Hajs', 142, 'AK-47', '2019-02-08'),
(10000572, 'whitejuice', 107, 'AK-47', '2019-02-08'),
(10000573, 'witam', 86, 'AK-47', '2019-02-08'),
(10000574, 'MARRYS', 84, 'AK-47', '2019-02-08'),
(10000575, 'mxrriS', 81, 'AK-47', '2019-02-08'),
(10000576, 'luq155', 80, 'AK-47', '2019-02-08'),
(10000577, 'xdawidekx', 75, 'AK-47', '2019-02-08'),
(10000578, 'ciuralla', 72, 'AK-47', '2019-02-08'),
(10000579, 'pieczka', 69, 'AK-47', '2019-02-08'),
(10000580, 'Hijii', 66, 'AK-47', '2019-02-08'),
(10000581, 'Hajs', 230, 'M4A1-M4A4', '2019-02-08'),
(10000582, 'ciuralla', 144, 'M4A1-M4A4', '2019-02-08'),
(10000583, 'Nexus1199', 122, 'M4A1-M4A4', '2019-02-08'),
(10000584, 'mxrriS', 121, 'M4A1-M4A4', '2019-02-08'),
(10000585, 'FarCiiiK', 109, 'M4A1-M4A4', '2019-02-08'),
(10000586, 'BMG94', 91, 'M4A1-M4A4', '2019-02-08'),
(10000587, 'Orrti', 64, 'M4A1-M4A4', '2019-02-08'),
(10000588, 'ptkhehe', 62, 'M4A1-M4A4', '2019-02-08'),
(10000589, 'BLUDYY', 48, 'M4A1-M4A4', '2019-02-08'),
(10000590, 'CziQi', 46, 'M4A1-M4A4', '2019-02-08'),
(10000591, 'JacKobi', 75, 'AWP', '2019-02-08'),
(10000592, 'Hijii', 46, 'AWP', '2019-02-08'),
(10000593, 'lillexx', 46, 'AWP', '2019-02-08'),
(10000594, 'XareX', 44, 'AWP', '2019-02-08'),
(10000595, 'nojse', 43, 'AWP', '2019-02-08'),
(10000596, 'Lexio', 43, 'AWP', '2019-02-08'),
(10000597, 'pAnar', 41, 'AWP', '2019-02-08'),
(10000598, 'Cappyshon', 40, 'AWP', '2019-02-08'),
(10000599, 'smarcik', 39, 'AWP', '2019-02-08'),
(10000600, 'JPKPRO', 37, 'AWP', '2019-02-08'),
(10000601, 'dzejsonstaD', 110, 'ZMIANA ELO', '2019-02-09'),
(10000602, 'Spari', 99, 'ZMIANA ELO', '2019-02-09'),
(10000603, 'Hijii', 86, 'ZMIANA ELO', '2019-02-09'),
(10000604, 'natka', 80, 'ZMIANA ELO', '2019-02-09'),
(10000605, 'Komurczak', 80, 'ZMIANA ELO', '2019-02-09'),
(10000606, '2Fast', 76, 'ZMIANA ELO', '2019-02-09'),
(10000607, 'xiao', 71, 'ZMIANA ELO', '2019-02-09'),
(10000608, 'koperski4', 65, 'ZMIANA ELO', '2019-02-09'),
(10000609, 'J0RD4N1', 62, 'ZMIANA ELO', '2019-02-09'),
(10000610, 'w1lko', 59, 'ZMIANA ELO', '2019-02-09'),
(10000611, 'luq155', 272, 'KILLE', '2019-02-09'),
(10000612, 'sequ', 246, 'KILLE', '2019-02-09'),
(10000613, 'MasujDz1ka', 223, 'KILLE', '2019-02-09'),
(10000614, 'dzejsonstaD', 216, 'KILLE', '2019-02-09'),
(10000615, 'Damisco', 185, 'KILLE', '2019-02-09'),
(10000616, 'xiao', 182, 'KILLE', '2019-02-09'),
(10000617, 'MojitoM', 180, 'KILLE', '2019-02-09'),
(10000618, 'majmaaa', 165, 'KILLE', '2019-02-09'),
(10000619, 'JacKobi', 164, 'KILLE', '2019-02-09'),
(10000620, 'isia44', 158, 'KILLE', '2019-02-09'),
(10000621, 'luq155', 92, 'AK-47', '2019-02-09'),
(10000622, '2ManyGOD', 80, 'AK-47', '2019-02-09'),
(10000623, 'ak01', 75, 'AK-47', '2019-02-09'),
(10000624, 'sequ', 71, 'AK-47', '2019-02-09'),
(10000625, 'MojitoM', 71, 'AK-47', '2019-02-09'),
(10000626, 'xiao', 70, 'AK-47', '2019-02-09'),
(10000627, 'Ciucmoq', 69, 'AK-47', '2019-02-09'),
(10000628, 'Damisco', 66, 'AK-47', '2019-02-09'),
(10000629, 'majmaaa', 65, 'AK-47', '2019-02-09'),
(10000630, 'cwieku', 65, 'AK-47', '2019-02-09'),
(10000631, 'luq155', 74, 'M4A1-M4A4', '2019-02-09'),
(10000632, 'norek', 59, 'M4A1-M4A4', '2019-02-09'),
(10000633, 'xiao', 56, 'M4A1-M4A4', '2019-02-09'),
(10000634, 'Damisco', 53, 'M4A1-M4A4', '2019-02-09'),
(10000635, 'majmaaa', 45, 'M4A1-M4A4', '2019-02-09'),
(10000636, 'dzejsonstaD', 41, 'M4A1-M4A4', '2019-02-09'),
(10000637, 'Volder', 35, 'M4A1-M4A4', '2019-02-09'),
(10000638, 'majkk', 34, 'M4A1-M4A4', '2019-02-09'),
(10000639, 'sequ', 31, 'M4A1-M4A4', '2019-02-09'),
(10000640, 'MojitoM', 31, 'M4A1-M4A4', '2019-02-09'),
(10000641, 'sequ', 93, 'AWP', '2019-02-09'),
(10000642, 'MasujDz1ka', 75, 'AWP', '2019-02-09'),
(10000643, 'Ciorny', 55, 'AWP', '2019-02-09'),
(10000644, 'sL1cK', 52, 'AWP', '2019-02-09'),
(10000645, 'mmat1', 52, 'AWP', '2019-02-09'),
(10000646, 'KUUKLIX', 47, 'AWP', '2019-02-09'),
(10000647, 'isia44', 41, 'AWP', '2019-02-09'),
(10000648, 'Fr0zEn111', 41, 'AWP', '2019-02-09'),
(10000649, 'JacKobi', 40, 'AWP', '2019-02-09'),
(10000650, 'minik01', 38, 'AWP', '2019-02-09'),
(10000651, 'majran', 104, 'ZMIANA ELO', '2019-02-10'),
(10000652, 'orzesz9k', 94, 'ZMIANA ELO', '2019-02-10'),
(10000653, 'WLX', 80, 'ZMIANA ELO', '2019-02-10'),
(10000654, 'Quai', 79, 'ZMIANA ELO', '2019-02-10'),
(10000655, 'LuckyGuy', 68, 'ZMIANA ELO', '2019-02-10'),
(10000656, 'parttar1', 68, 'ZMIANA ELO', '2019-02-10'),
(10000657, 'ChristopheeR', 67, 'ZMIANA ELO', '2019-02-10'),
(10000658, 'Grand', 67, 'ZMIANA ELO', '2019-02-10'),
(10000659, 'MjSk', 66, 'ZMIANA ELO', '2019-02-10'),
(10000660, 'mateii1998', 65, 'ZMIANA ELO', '2019-02-10'),
(10000661, 'Hajs', 456, 'KILLE', '2019-02-10'),
(10000662, 'FarCiiiK', 464, 'KILLE', '2019-02-10'),
(10000663, 'Grycek', 432, 'KILLE', '2019-02-10'),
(10000664, 'mxrriS', 346, 'KILLE', '2019-02-10'),
(10000665, 'BEASTfLOW', 250, 'KILLE', '2019-02-10'),
(10000666, 'orzesz9k', 196, 'KILLE', '2019-02-10'),
(10000667, 'Penny', 194, 'KILLE', '2019-02-10'),
(10000668, 'shork', 192, 'KILLE', '2019-02-10'),
(10000669, 'MasujDz1ka', 192, 'KILLE', '2019-02-10'),
(10000670, 'xwxbx', 189, 'KILLE', '2019-02-10'),
(10000671, 'Hajs', 206, 'AK-47', '2019-02-10'),
(10000672, 'Grycek', 182, 'AK-47', '2019-02-10'),
(10000673, 'FarCiiiK', 155, 'AK-47', '2019-02-10'),
(10000674, 'ptkhehe', 100, 'AK-47', '2019-02-10'),
(10000675, 'BEASTfLOW', 98, 'AK-47', '2019-02-10'),
(10000676, 'mxrriS', 95, 'AK-47', '2019-02-10'),
(10000677, 'Penny', 93, 'AK-47', '2019-02-10'),
(10000678, 'orzesz9k', 89, 'AK-47', '2019-02-10'),
(10000679, 'Kojtas', 85, 'AK-47', '2019-02-10'),
(10000680, 'shork', 81, 'AK-47', '2019-02-10'),
(10000681, 'FarCiiiK', 93, 'M4A1-M4A4', '2019-02-10'),
(10000682, 'Hajs', 78, 'M4A1-M4A4', '2019-02-10'),
(10000683, 'orzesz9k', 66, 'M4A1-M4A4', '2019-02-10'),
(10000684, 'Grycek', 59, 'M4A1-M4A4', '2019-02-10'),
(10000685, 'Robert222v3', 46, 'M4A1-M4A4', '2019-02-10'),
(10000686, 'patkagod', 42, 'M4A1-M4A4', '2019-02-10'),
(10000687, 'BEASTfLOW', 41, 'M4A1-M4A4', '2019-02-10'),
(10000688, 'mxrriS', 39, 'M4A1-M4A4', '2019-02-10'),
(10000689, 'BRAAAAM', 39, 'M4A1-M4A4', '2019-02-10'),
(10000690, 'Exiuu', 39, 'M4A1-M4A4', '2019-02-10'),
(10000691, 'Grycek', 87, 'AWP', '2019-02-10'),
(10000692, 'mxrriS', 82, 'AWP', '2019-02-10'),
(10000693, 'dero', 81, 'AWP', '2019-02-10'),
(10000694, 'MasujDz1ka', 73, 'AWP', '2019-02-10'),
(10000695, 'KinGu', 69, 'AWP', '2019-02-10'),
(10000696, 'xwxbx', 67, 'AWP', '2019-02-10'),
(10000697, 'FarCiiiK', 65, 'AWP', '2019-02-10'),
(10000698, 'sevencsgo', 53, 'AWP', '2019-02-10'),
(10000699, 'puffoj', 50, 'AWP', '2019-02-10'),
(10000700, 'WoJc1K', 46, 'AWP', '2019-02-10');

-- --------------------------------------------------------

--
-- Struktura tabeli dla tabeli `heroleague_copy`
--

CREATE TABLE `heroleague_copy` (
  `id` int(8) UNSIGNED ZEROFILL NOT NULL,
  `user` varchar(40) COLLATE utf8_unicode_ci NOT NULL,
  `score` int(4) NOT NULL,
  `type` varchar(20) CHARACTER SET utf8mb4 COLLATE utf8mb4_polish_ci NOT NULL,
  `last_update` date NOT NULL
) ENGINE=MyISAM DEFAULT CHARSET=utf8 COLLATE=utf8_unicode_ci;

--
-- Zrzut danych tabeli `heroleague_copy`
--

INSERT INTO `heroleague_copy` (`id`, `user`, `score`, `type`, `last_update`) VALUES
(10000050, 'ngLcs', 52, 'ZMIANA ELO', '2019-01-29'),
(10000051, 'mickyy', 49, 'ZMIANA ELO', '2019-01-29'),
(10000052, 'Ignis', 44, 'ZMIANA ELO', '2019-01-29'),
(10000053, 'AUHET5J', 34, 'ZMIANA ELO', '2019-01-29'),
(10000054, 'Pociskiwacz', 34, 'ZMIANA ELO', '2019-01-29'),
(10000055, 'snackzz', 26, 'ZMIANA ELO', '2019-01-29'),
(10000056, 'Adziuu', 25, 'ZMIANA ELO', '2019-01-29'),
(10000057, 'uselesss', 24, 'ZMIANA ELO', '2019-01-29'),
(10000058, 'bommbel121', 20, 'ZMIANA ELO', '2019-01-29'),
(10000059, 'MasujDz1ka', 18, 'ZMIANA ELO', '2019-01-29'),
(10000060, 'mxrriS', 185, 'KILLE', '2019-01-29'),
(10000061, 'FarCiiiK', 133, 'KILLE', '2019-01-29'),
(10000062, 'Ignis', 130, 'KILLE', '2019-01-29'),
(10000063, 'mickyy', 105, 'KILLE', '2019-01-29'),
(10000064, 'MasujDz1ka', 104, 'KILLE', '2019-01-29'),
(10000065, 'pieczka', 97, 'KILLE', '2019-01-29'),
(10000066, 'FuRyLiCiOuZ', 94, 'KILLE', '2019-01-29'),
(10000067, 'epiccXd', 91, 'KILLE', '2019-01-29'),
(10000068, 'jABBA', 90, 'KILLE', '2019-01-29'),
(10000069, 'Adziuu', 82, 'KILLE', '2019-01-29'),
(10000070, 'mxrriS', 64, 'AK-47', '2019-01-29'),
(10000071, 'Ignis', 63, 'AK-47', '2019-01-29'),
(10000072, 'FarCiiiK', 59, 'AK-47', '2019-01-29'),
(10000073, 'epiccXd', 45, 'AK-47', '2019-01-29'),
(10000074, 'FuRyLiCiOuZ', 43, 'AK-47', '2019-01-29'),
(10000075, 'uselesss', 42, 'AK-47', '2019-01-29'),
(10000076, 'mickyy', 41, 'AK-47', '2019-01-29'),
(10000077, 'MojitoM', 39, 'AK-47', '2019-01-29'),
(10000078, 'pieczka', 37, 'AK-47', '2019-01-29'),
(10000079, 'Hubi1016', 36, 'AK-47', '2019-01-29'),
(10000080, 'mickyy', 33, 'M4A1-M4A4', '2019-01-29'),
(10000081, 'snackzz', 29, 'M4A1-M4A4', '2019-01-29'),
(10000082, 'FarCiiiK', 24, 'M4A1-M4A4', '2019-01-29'),
(10000083, 'jABBA', 22, 'M4A1-M4A4', '2019-01-29'),
(10000084, 'eventowy', 20, 'M4A1-M4A4', '2019-01-29'),
(10000085, 'alivee', 18, 'M4A1-M4A4', '2019-01-29'),
(10000086, 'Hubi1016', 18, 'M4A1-M4A4', '2019-01-29'),
(10000087, 'AUHET5J', 18, 'M4A1-M4A4', '2019-01-29'),
(10000088, 'JulcziQ', 15, 'M4A1-M4A4', '2019-01-29'),
(10000089, 'mxrriS', 15, 'M4A1-M4A4', '2019-01-29'),
(10000090, 'mxrriS', 53, 'AWP', '2019-01-29'),
(10000091, 'MasujDz1ka', 44, 'AWP', '2019-01-29'),
(10000092, 'Mateez', 27, 'AWP', '2019-01-29'),
(10000093, 'Adziuu', 24, 'AWP', '2019-01-29'),
(10000094, 'ngLcs', 24, 'AWP', '2019-01-29'),
(10000095, 'hawke', 21, 'AWP', '2019-01-29'),
(10000096, 'maku95', 20, 'AWP', '2019-01-29'),
(10000097, 'jABBA', 17, 'AWP', '2019-01-29'),
(10000098, 'FarCiiiK', 15, 'AWP', '2019-01-29'),
(10000099, 'Ignis', 13, 'AWP', '2019-01-29'),
(10000100, 'hades2k', 89, 'ZMIANA ELO', '2019-01-29'),
(10000101, 'n0tice', 86, 'ZMIANA ELO', '2019-01-29'),
(10000102, 'luffyi', 82, 'ZMIANA ELO', '2019-01-29'),
(10000103, 'Koncaty', 79, 'ZMIANA ELO', '2019-01-29'),
(10000104, 'Kyrtap', 79, 'ZMIANA ELO', '2019-01-29'),
(10000105, 'Czapel', 72, 'ZMIANA ELO', '2019-01-29'),
(10000106, 'MjSk', 71, 'ZMIANA ELO', '2019-01-29'),
(10000107, 'ADILegend', 63, 'ZMIANA ELO', '2019-01-29'),
(10000108, 'kalaejj', 63, 'ZMIANA ELO', '2019-01-29'),
(10000109, 'pimpek', 58, 'ZMIANA ELO', '2019-01-29'),
(10000110, 'mxrriS', 287, 'KILLE', '2019-01-29'),
(10000111, 'jABBA', 258, 'KILLE', '2019-01-29'),
(10000112, 'FarCiiiK', 231, 'KILLE', '2019-01-29'),
(10000113, 'KUNGfuRobak', 228, 'KILLE', '2019-01-29'),
(10000114, 'snackzz', 212, 'KILLE', '2019-01-29'),
(10000115, 'GrudiaN', 209, 'KILLE', '2019-01-29'),
(10000116, 'Ryzy', 193, 'KILLE', '2019-01-29'),
(10000117, 'Pozi', 184, 'KILLE', '2019-01-29'),
(10000118, 'YavuzKarasu', 183, 'KILLE', '2019-01-29'),
(10000119, 'maku95', 173, 'KILLE', '2019-01-29'),
(10000120, 'Ryzy', 114, 'AK-47', '2019-01-29'),
(10000121, 'mxrriS', 104, 'AK-47', '2019-01-29'),
(10000122, 'FarCiiiK', 98, 'AK-47', '2019-01-29'),
(10000123, 'jABBA', 97, 'AK-47', '2019-01-29'),
(10000124, 'GrudiaN', 87, 'AK-47', '2019-01-29'),
(10000125, 'Pozi', 82, 'AK-47', '2019-01-29'),
(10000126, 'snackzz', 82, 'AK-47', '2019-01-29'),
(10000127, 'lenux1337', 78, 'AK-47', '2019-01-29'),
(10000128, 'MASA', 75, 'AK-47', '2019-01-29'),
(10000129, 'mittyx', 72, 'AK-47', '2019-01-29'),
(10000130, 'jABBA', 72, 'M4A1-M4A4', '2019-01-29'),
(10000131, 'snackzz', 56, 'M4A1-M4A4', '2019-01-29'),
(10000132, 'FarCiiiK', 43, 'M4A1-M4A4', '2019-01-29'),
(10000133, 'GrudiaN', 43, 'M4A1-M4A4', '2019-01-29'),
(10000134, 'Animall', 42, 'M4A1-M4A4', '2019-01-29'),
(10000135, 'AUHET5J', 41, 'M4A1-M4A4', '2019-01-29'),
(10000136, 'luffyi', 41, 'M4A1-M4A4', '2019-01-29'),
(10000137, 'mickyy', 39, 'M4A1-M4A4', '2019-01-29'),
(10000138, 'baczus', 39, 'M4A1-M4A4', '2019-01-29'),
(10000139, 'YavuzKarasu', 38, 'M4A1-M4A4', '2019-01-29'),
(10000140, 'KUNGfuRobak', 77, 'AWP', '2019-01-29'),
(10000141, 'mxrriS', 75, 'AWP', '2019-01-29'),
(10000142, 'hades2k', 60, 'AWP', '2019-01-29'),
(10000143, 'maku95', 48, 'AWP', '2019-01-29'),
(10000144, 'burito1337', 47, 'AWP', '2019-01-29'),
(10000145, 'pimpek', 44, 'AWP', '2019-01-29'),
(10000146, 'MasujDz1ka', 44, 'AWP', '2019-01-29'),
(10000147, 'Xzibit', 41, 'AWP', '2019-01-29'),
(10000148, 'inKre', 38, 'AWP', '2019-01-29'),
(10000149, 'pEfny', 38, 'AWP', '2019-01-29'),
(10000150, 'sequ', 153, 'ZMIANA ELO', '2019-01-30'),
(10000151, 'MojitoM', 139, 'ZMIANA ELO', '2019-01-30'),
(10000152, 'mxrriS', 101, 'ZMIANA ELO', '2019-01-30'),
(10000153, 'FarCiiiK', 92, 'ZMIANA ELO', '2019-01-30'),
(10000154, 'jABBA', 84, 'ZMIANA ELO', '2019-01-30'),
(10000155, 'w1lko', 82, 'ZMIANA ELO', '2019-01-30'),
(10000156, 'sycik', 73, 'ZMIANA ELO', '2019-01-30'),
(10000157, 'zebko', 73, 'ZMIANA ELO', '2019-01-30'),
(10000158, 'ptkhehe', 72, 'ZMIANA ELO', '2019-01-30'),
(10000159, 'J0RD4N1', 67, 'ZMIANA ELO', '2019-01-30'),
(10000160, 'fel1pee', 499, 'KILLE', '2019-01-30'),
(10000161, 'Robert222v3', 355, 'KILLE', '2019-01-30'),
(10000162, 'jABBA', 313, 'KILLE', '2019-01-30'),
(10000163, 'sequ', 293, 'KILLE', '2019-01-30'),
(10000164, 'Quali', 282, 'KILLE', '2019-01-30'),
(10000165, 'FarCiiiK', 265, 'KILLE', '2019-01-30'),
(10000166, 'w1lko', 264, 'KILLE', '2019-01-30'),
(10000167, 'Krychu', 239, 'KILLE', '2019-01-30'),
(10000168, 'iamamiwhoami', 200, 'KILLE', '2019-01-30'),
(10000169, 'Fladzio', 190, 'KILLE', '2019-01-30'),
(10000170, 'jABBA', 164, 'AK-47', '2019-01-30'),
(10000171, 'FURYLELE', 104, 'AK-47', '2019-01-30'),
(10000172, 'fel1pee', 90, 'AK-47', '2019-01-30'),
(10000173, 'w1lko', 90, 'AK-47', '2019-01-30'),
(10000174, 'FarCiiiK', 89, 'AK-47', '2019-01-30'),
(10000175, 'snackzz', 82, 'AK-47', '2019-01-30'),
(10000176, 'Pozi', 74, 'AK-47', '2019-01-30'),
(10000177, 'bommbel121', 74, 'AK-47', '2019-01-30'),
(10000178, 'sequ', 71, 'AK-47', '2019-01-30'),
(10000179, 'Robert222v3', 70, 'AK-47', '2019-01-30'),
(10000180, 'fel1pee', 267, 'M4A1-M4A4', '2019-01-30'),
(10000181, 'Robert222v3', 202, 'M4A1-M4A4', '2019-01-30'),
(10000182, 'Quali', 123, 'M4A1-M4A4', '2019-01-30'),
(10000183, 'Krychu', 112, 'M4A1-M4A4', '2019-01-30'),
(10000184, 'FarCiiiK', 110, 'M4A1-M4A4', '2019-01-30'),
(10000185, 'jABBA', 63, 'M4A1-M4A4', '2019-01-30'),
(10000186, 'sequ', 51, 'M4A1-M4A4', '2019-01-30'),
(10000187, 'zebko', 46, 'M4A1-M4A4', '2019-01-30'),
(10000188, 'drq0', 43, 'M4A1-M4A4', '2019-01-30'),
(10000189, 'GrudiaN', 42, 'M4A1-M4A4', '2019-01-30'),
(10000190, 'sequ', 82, 'AWP', '2019-01-30'),
(10000191, 'iamamiwhoami', 64, 'AWP', '2019-01-30'),
(10000192, 'Vulther', 50, 'AWP', '2019-01-30'),
(10000193, 'Ciucmoq', 49, 'AWP', '2019-01-30'),
(10000194, 'Fondzu', 48, 'AWP', '2019-01-30'),
(10000195, 'JacKobi', 47, 'AWP', '2019-01-30'),
(10000196, 'w1lko', 46, 'AWP', '2019-01-30'),
(10000197, 'drq0', 44, 'AWP', '2019-01-30'),
(10000198, 'Fladzio', 42, 'AWP', '2019-01-30'),
(10000199, 'STOMPADRE', 41, 'AWP', '2019-01-30'),
(10000200, 'JaspEer', 95, 'ZMIANA ELO', '2019-01-31'),
(10000201, 'Hijii', 86, 'ZMIANA ELO', '2019-01-31'),
(10000202, 'Krychu', 84, 'ZMIANA ELO', '2019-01-31'),
(10000203, 'Slawomir', 75, 'ZMIANA ELO', '2019-01-31'),
(10000204, 'myceK', 71, 'ZMIANA ELO', '2019-01-31'),
(10000205, 'michalino240111', 70, 'ZMIANA ELO', '2019-01-31'),
(10000206, 'juniorbandi', 69, 'ZMIANA ELO', '2019-01-31'),
(10000207, 'FrOzbO', 68, 'ZMIANA ELO', '2019-01-31'),
(10000208, 'W0JT4Z', 65, 'ZMIANA ELO', '2019-01-31'),
(10000209, 'lenux1337', 65, 'ZMIANA ELO', '2019-01-31'),
(10000210, 'Hijii', 371, 'KILLE', '2019-01-31'),
(10000211, 'Krychu', 336, 'KILLE', '2019-01-31'),
(10000212, 'w1lko', 259, 'KILLE', '2019-01-31'),
(10000213, 'sequ', 253, 'KILLE', '2019-01-31'),
(10000214, 'JaspEer', 246, 'KILLE', '2019-01-31'),
(10000215, 'mxrriS', 236, 'KILLE', '2019-01-31'),
(10000216, 'juniorbandi', 232, 'KILLE', '2019-01-31'),
(10000217, 'ST9NTARES', 230, 'KILLE', '2019-01-31'),
(10000218, 'Robert222v3', 218, 'KILLE', '2019-01-31'),
(10000219, 'baczus', 216, 'KILLE', '2019-01-31'),
(10000220, 'Krychu', 136, 'AK-47', '2019-01-31'),
(10000221, 'Hijii', 116, 'AK-47', '2019-01-31'),
(10000222, 'w1lko', 115, 'AK-47', '2019-01-31'),
(10000223, 'JaspEer', 113, 'AK-47', '2019-01-31'),
(10000224, 'Fladzio', 100, 'AK-47', '2019-01-31'),
(10000225, 'Robert222v3', 99, 'AK-47', '2019-01-31'),
(10000226, 'Penny', 98, 'AK-47', '2019-01-31'),
(10000227, 'JUGGHEAD', 93, 'AK-47', '2019-01-31'),
(10000228, 'ST9NTARES', 91, 'AK-47', '2019-01-31'),
(10000229, 'baczus', 89, 'AK-47', '2019-01-31'),
(10000230, 'Krychu', 102, 'M4A1-M4A4', '2019-01-31'),
(10000231, 'Hijii', 81, 'M4A1-M4A4', '2019-01-31'),
(10000232, 'HANTARO', 53, 'M4A1-M4A4', '2019-01-31'),
(10000233, 'baczus', 48, 'M4A1-M4A4', '2019-01-31'),
(10000234, 'wiktorbaran', 46, 'M4A1-M4A4', '2019-01-31'),
(10000235, 'iamamiwhoami', 45, 'M4A1-M4A4', '2019-01-31'),
(10000236, 'JUGGHEAD', 45, 'M4A1-M4A4', '2019-01-31'),
(10000237, 'Robert222v3', 43, 'M4A1-M4A4', '2019-01-31'),
(10000238, 'VaiReNN', 40, 'M4A1-M4A4', '2019-01-31'),
(10000239, 'JJbozy', 38, 'M4A1-M4A4', '2019-01-31'),
(10000240, 'sequ', 103, 'AWP', '2019-01-31'),
(10000241, 'Hijii', 70, 'AWP', '2019-01-31'),
(10000242, 'mxrriS', 69, 'AWP', '2019-01-31'),
(10000243, 'juniorbandi', 62, 'AWP', '2019-01-31'),
(10000244, 'KUNGfuRobak', 57, 'AWP', '2019-01-31'),
(10000245, 'Cappyshon', 53, 'AWP', '2019-01-31'),
(10000246, 'lenux1337', 53, 'AWP', '2019-01-31'),
(10000247, 'Muzyk14', 52, 'AWP', '2019-01-31'),
(10000248, 'iamamiwhoami', 51, 'AWP', '2019-01-31'),
(10000249, 'Dawca96', 47, 'AWP', '2019-01-31'),
(10000250, 'CYNEX', 121, 'ZMIANA ELO', '2019-02-01'),
(10000251, 'Gazing', 108, 'ZMIANA ELO', '2019-02-01'),
(10000252, 'Alex0629', 107, 'ZMIANA ELO', '2019-02-01'),
(10000253, 'skitzbror', 106, 'ZMIANA ELO', '2019-02-01'),
(10000254, 'forzelele', 104, 'ZMIANA ELO', '2019-02-01'),
(10000255, 'kokospaj', 99, 'ZMIANA ELO', '2019-02-01'),
(10000256, 'OneHandProject', 97, 'ZMIANA ELO', '2019-02-01'),
(10000257, 'npmqrk', 95, 'ZMIANA ELO', '2019-02-01'),
(10000258, 'Clyfta', 95, 'ZMIANA ELO', '2019-02-01'),
(10000259, 'lukawow', 94, 'ZMIANA ELO', '2019-02-01'),
(10000260, 'VotN', 431, 'KILLE', '2019-02-01'),
(10000261, 'mxrriS', 341, 'KILLE', '2019-02-01'),
(10000262, 'lilKempe', 310, 'KILLE', '2019-02-01'),
(10000263, 'maumau', 298, 'KILLE', '2019-02-01'),
(10000264, 'nej0', 289, 'KILLE', '2019-02-01'),
(10000265, 'stonecold', 288, 'KILLE', '2019-02-01'),
(10000266, 'Khooya', 282, 'KILLE', '2019-02-01'),
(10000267, 'ptkhehe', 281, 'KILLE', '2019-02-01'),
(10000268, 'eNjini', 268, 'KILLE', '2019-02-01'),
(10000269, '0rmjaeveL', 268, 'KILLE', '2019-02-01'),
(10000270, 'lilKempe', 152, 'AK-47', '2019-02-01'),
(10000271, 'koong', 141, 'AK-47', '2019-02-01'),
(10000272, 'VotN', 133, 'AK-47', '2019-02-01'),
(10000273, 'mxrriS', 131, 'AK-47', '2019-02-01'),
(10000274, 'ptkhehe', 131, 'AK-47', '2019-02-01'),
(10000275, 'nej0', 126, 'AK-47', '2019-02-01'),
(10000276, 'Khooya', 123, 'AK-47', '2019-02-01'),
(10000277, 'Donitoo', 118, 'AK-47', '2019-02-01'),
(10000278, 'FRV', 112, 'AK-47', '2019-02-01'),
(10000279, 'cYox', 110, 'AK-47', '2019-02-01'),
(10000280, 'cYox', 79, 'M4A1-M4A4', '2019-02-01'),
(10000281, 'ptkhehe', 69, 'M4A1-M4A4', '2019-02-01'),
(10000282, 'VotN', 67, 'M4A1-M4A4', '2019-02-01'),
(10000283, 'Znipe', 63, 'M4A1-M4A4', '2019-02-01'),
(10000284, 'teewee', 61, 'M4A1-M4A4', '2019-02-01'),
(10000285, 'EstexX', 60, 'M4A1-M4A4', '2019-02-01'),
(10000286, 'quub', 60, 'M4A1-M4A4', '2019-02-01'),
(10000287, 'SagaForce', 58, 'M4A1-M4A4', '2019-02-01'),
(10000288, 'BR0r', 56, 'M4A1-M4A4', '2019-02-01'),
(10000289, 'loa', 54, 'M4A1-M4A4', '2019-02-01'),
(10000290, 'VotN', 101, 'AWP', '2019-02-01'),
(10000291, 'JaniK', 91, 'AWP', '2019-02-01'),
(10000292, 'WhoRacle', 86, 'AWP', '2019-02-01'),
(10000293, 'MASTERMINDcs', 85, 'AWP', '2019-02-01'),
(10000294, 'mxrriS', 84, 'AWP', '2019-02-01'),
(10000295, 'stonecold', 83, 'AWP', '2019-02-01'),
(10000296, 'Lini', 80, 'AWP', '2019-02-01'),
(10000297, 'CYNEX', 73, 'AWP', '2019-02-01'),
(10000298, 'ez4SwitchA', 71, 'AWP', '2019-02-01'),
(10000299, 'AleC', 70, 'AWP', '2019-02-01'),
(10000300, 'momze1', 171, 'ZMIANA ELO', '2019-02-02'),
(10000301, 'Skattebrott', 165, 'ZMIANA ELO', '2019-02-02'),
(10000302, 'fidel', 150, 'ZMIANA ELO', '2019-02-02'),
(10000303, 'swefighter', 146, 'ZMIANA ELO', '2019-02-02'),
(10000304, 'evilface', 136, 'ZMIANA ELO', '2019-02-02'),
(10000305, 'TapNoOne', 130, 'ZMIANA ELO', '2019-02-02'),
(10000306, 'hiP', 127, 'ZMIANA ELO', '2019-02-02'),
(10000307, 'LucasGames', 121, 'ZMIANA ELO', '2019-02-02'),
(10000308, 'shiba', 117, 'ZMIANA ELO', '2019-02-02'),
(10000309, 'sThaaler', 112, 'ZMIANA ELO', '2019-02-02'),
(10000310, 'shiba', 425, 'KILLE', '2019-02-02'),
(10000311, 'momze1', 413, 'KILLE', '2019-02-02'),
(10000312, 'Skattebrott', 377, 'KILLE', '2019-02-02'),
(10000313, 'awien', 333, 'KILLE', '2019-02-02'),
(10000314, 'somnatten', 331, 'KILLE', '2019-02-02'),
(10000315, 'fidel', 328, 'KILLE', '2019-02-02'),
(10000316, 'mxrriS', 322, 'KILLE', '2019-02-02'),
(10000317, 'benimzor01', 313, 'KILLE', '2019-02-02'),
(10000318, 'Gazing', 309, 'KILLE', '2019-02-02'),
(10000319, 'Freakmaster', 303, 'KILLE', '2019-02-02'),
(10000320, 'shiba', 216, 'AK-47', '2019-02-02'),
(10000321, 'momze1', 155, 'AK-47', '2019-02-02'),
(10000322, 'mxrriS', 142, 'AK-47', '2019-02-02'),
(10000323, 'Freakmaster', 139, 'AK-47', '2019-02-02'),
(10000324, 'Gazing', 138, 'AK-47', '2019-02-02'),
(10000325, 'bobxD', 127, 'AK-47', '2019-02-02'),
(10000326, 'Odh', 125, 'AK-47', '2019-02-02'),
(10000327, 'hiP', 121, 'AK-47', '2019-02-02'),
(10000328, 'SecondTry', 119, 'AK-47', '2019-02-02'),
(10000329, 'nLs', 114, 'AK-47', '2019-02-02'),
(10000330, 'eXXe', 83, 'M4A1-M4A4', '2019-02-02'),
(10000331, 'luun', 78, 'M4A1-M4A4', '2019-02-02'),
(10000332, 'qemist', 75, 'M4A1-M4A4', '2019-02-02'),
(10000333, 'teewee', 71, 'M4A1-M4A4', '2019-02-02'),
(10000334, 'MaPrieX', 67, 'M4A1-M4A4', '2019-02-02'),
(10000335, 'MojitoM', 66, 'M4A1-M4A4', '2019-02-02'),
(10000336, 'SecondTry', 65, 'M4A1-M4A4', '2019-02-02'),
(10000337, 'PuNishR', 64, 'M4A1-M4A4', '2019-02-02'),
(10000338, 'FilleN15', 64, 'M4A1-M4A4', '2019-02-02'),
(10000339, 'Gazing', 63, 'M4A1-M4A4', '2019-02-02'),
(10000340, 'fidel', 133, 'AWP', '2019-02-02'),
(10000341, 'Skattebrott', 123, 'AWP', '2019-02-02'),
(10000342, 'WhoRacle', 120, 'AWP', '2019-02-02'),
(10000343, 'Proxor', 120, 'AWP', '2019-02-02'),
(10000344, 'Synkux', 113, 'AWP', '2019-02-02'),
(10000345, 'momze1', 110, 'AWP', '2019-02-02'),
(10000346, 'hyped1', 110, 'AWP', '2019-02-02'),
(10000347, 'gas00n', 110, 'AWP', '2019-02-02'),
(10000348, 'sequ', 99, 'AWP', '2019-02-02'),
(10000349, 'Professor218', 94, 'AWP', '2019-02-02'),
(10000350, 'DTBYD', 169, 'ZMIANA ELO', '2019-02-03'),
(10000351, 'dec1', 169, 'ZMIANA ELO', '2019-02-03'),
(10000352, 'w1zMONSTA', 164, 'ZMIANA ELO', '2019-02-03'),
(10000353, 'maeggi', 154, 'ZMIANA ELO', '2019-02-03'),
(10000354, 'auroooo', 142, 'ZMIANA ELO', '2019-02-03'),
(10000355, 'majran', 136, 'ZMIANA ELO', '2019-02-03'),
(10000356, 'neadek', 134, 'ZMIANA ELO', '2019-02-03'),
(10000357, 'datz', 134, 'ZMIANA ELO', '2019-02-03'),
(10000358, 'shiba', 128, 'ZMIANA ELO', '2019-02-03'),
(10000359, 'mcnip', 126, 'ZMIANA ELO', '2019-02-03'),
(10000360, 'mxrriS', 542, 'KILLE', '2019-02-03'),
(10000361, 'FarCiiiK', 487, 'KILLE', '2019-02-03'),
(10000362, 'ciuralla', 459, 'KILLE', '2019-02-03'),
(10000363, 'Tompan', 430, 'KILLE', '2019-02-03'),
(10000364, 'datz', 324, 'KILLE', '2019-02-03'),
(10000365, 'apply', 319, 'KILLE', '2019-02-03'),
(10000366, 'zOO1', 313, 'KILLE', '2019-02-03'),
(10000367, 'BabaBaloo', 307, 'KILLE', '2019-02-03'),
(10000368, 'Skattebrott', 301, 'KILLE', '2019-02-03'),
(10000369, 'hooraYmeoW', 300, 'KILLE', '2019-02-03'),
(10000370, 'apply', 145, 'AK-47', '2019-02-03'),
(10000371, 'BabaBaloo', 133, 'AK-47', '2019-02-03'),
(10000372, 'Tompan', 132, 'AK-47', '2019-02-03'),
(10000373, 'FuzKIgTNamNxDxP', 129, 'AK-47', '2019-02-03'),
(10000374, 'invalid', 128, 'AK-47', '2019-02-03'),
(10000375, 'LONSy', 127, 'AK-47', '2019-02-03'),
(10000376, 'Wwwwwwww', 127, 'AK-47', '2019-02-03'),
(10000377, 'cocacabanaAa', 127, 'AK-47', '2019-02-03'),
(10000378, 'datz', 125, 'AK-47', '2019-02-03'),
(10000379, 'disturb', 124, 'AK-47', '2019-02-03'),
(10000380, 'ciuralla', 283, 'M4A1-M4A4', '2019-02-03'),
(10000381, 'mxrriS', 275, 'M4A1-M4A4', '2019-02-03'),
(10000382, 'FarCiiiK', 273, 'M4A1-M4A4', '2019-02-03'),
(10000383, 'zOO1', 158, 'M4A1-M4A4', '2019-02-03'),
(10000384, 'Quali', 101, 'M4A1-M4A4', '2019-02-03'),
(10000385, 'Nosek', 78, 'M4A1-M4A4', '2019-02-03'),
(10000386, 'Orrti', 78, 'M4A1-M4A4', '2019-02-03'),
(10000387, 'Shuu', 74, 'M4A1-M4A4', '2019-02-03'),
(10000388, 'flwsterN', 73, 'M4A1-M4A4', '2019-02-03'),
(10000389, 'JJbozy', 72, 'M4A1-M4A4', '2019-02-03'),
(10000390, 'WhoRacle', 148, 'AWP', '2019-02-03'),
(10000391, 'hooraYmeoW', 111, 'AWP', '2019-02-03'),
(10000392, 'STFW', 109, 'AWP', '2019-02-03'),
(10000393, 'Keco', 104, 'AWP', '2019-02-03'),
(10000394, 'momze1', 104, 'AWP', '2019-02-03'),
(10000395, 'Weeezy', 100, 'AWP', '2019-02-03'),
(10000396, 'gas00n', 89, 'AWP', '2019-02-03'),
(10000397, 'rhyfuLme', 89, 'AWP', '2019-02-03'),
(10000398, 'n1ls10', 89, 'AWP', '2019-02-03'),
(10000399, 'Skattebrott', 88, 'AWP', '2019-02-03'),
(10000400, 'mmde', 154, 'ZMIANA ELO', '2019-02-05'),
(10000401, 'L1Nie', 126, 'ZMIANA ELO', '2019-02-05'),
(10000402, 'maumau', 111, 'ZMIANA ELO', '2019-02-05'),
(10000403, 'alex1337', 111, 'ZMIANA ELO', '2019-02-05'),
(10000404, 'GREEEEEEENy', 111, 'ZMIANA ELO', '2019-02-05'),
(10000405, 'fR0NTLiNE', 110, 'ZMIANA ELO', '2019-02-05'),
(10000406, 'Steadyy', 108, 'ZMIANA ELO', '2019-02-05'),
(10000407, 'oowl', 106, 'ZMIANA ELO', '2019-02-05'),
(10000408, 'C4rst3n', 105, 'ZMIANA ELO', '2019-02-05'),
(10000409, 'Sch1ggy', 104, 'ZMIANA ELO', '2019-02-05'),
(10000410, 'zOO1', 497, 'KILLE', '2019-02-05'),
(10000411, 'ciuralla', 461, 'KILLE', '2019-02-05'),
(10000412, 'mmde', 391, 'KILLE', '2019-02-05'),
(10000413, 'dannedunder1', 360, 'KILLE', '2019-02-05'),
(10000414, 'GREEEEEEENy', 353, 'KILLE', '2019-02-05'),
(10000415, 'nej0', 345, 'KILLE', '2019-02-05'),
(10000416, 'timpannn', 302, 'KILLE', '2019-02-05'),
(10000417, 'Arrox', 287, 'KILLE', '2019-02-05'),
(10000418, 'zitt', 284, 'KILLE', '2019-02-05'),
(10000419, 'RBT', 280, 'KILLE', '2019-02-05'),
(10000420, 'nej0', 161, 'AK-47', '2019-02-05'),
(10000421, 'mmde', 152, 'AK-47', '2019-02-05'),
(10000422, 'dannedunder1', 140, 'AK-47', '2019-02-05'),
(10000423, 'caarlo', 139, 'AK-47', '2019-02-05'),
(10000424, 'zitt', 139, 'AK-47', '2019-02-05'),
(10000425, 'JeppeCS', 136, 'AK-47', '2019-02-05'),
(10000426, 'timpannn', 130, 'AK-47', '2019-02-05'),
(10000427, 'GREEEEEEENy', 129, 'AK-47', '2019-02-05'),
(10000428, 'M4NG0L0C0', 118, 'AK-47', '2019-02-05'),
(10000429, 'FuzKIgTNamNxDxP', 113, 'AK-47', '2019-02-05'),
(10000430, 'mmde', 96, 'M4A1-M4A4', '2019-02-05'),
(10000431, 'miziL', 76, 'M4A1-M4A4', '2019-02-05'),
(10000432, 'M4NG0L0C0', 70, 'M4A1-M4A4', '2019-02-05'),
(10000433, 'zitt', 67, 'M4A1-M4A4', '2019-02-05'),
(10000434, 'whezy', 59, 'M4A1-M4A4', '2019-02-05'),
(10000435, 'andreKING', 59, 'M4A1-M4A4', '2019-02-05'),
(10000436, 'BengaN1', 58, 'M4A1-M4A4', '2019-02-05'),
(10000437, 'DiivaNi', 58, 'M4A1-M4A4', '2019-02-05'),
(10000438, 'maumau', 57, 'M4A1-M4A4', '2019-02-05'),
(10000439, 'Kargiganti', 54, 'M4A1-M4A4', '2019-02-05'),
(10000440, 'zOO1', 353, 'AWP', '2019-02-05'),
(10000441, 'ciuralla', 343, 'AWP', '2019-02-05'),
(10000442, 'Grycek', 184, 'AWP', '2019-02-05'),
(10000443, 'FarCiiiK', 139, 'AWP', '2019-02-05'),
(10000444, 'Orrti', 127, 'AWP', '2019-02-05'),
(10000445, 'Quali', 110, 'AWP', '2019-02-05'),
(10000446, 'jnkej', 106, 'AWP', '2019-02-05'),
(10000447, 'AleC', 96, 'AWP', '2019-02-05'),
(10000448, 'Hajs', 89, 'AWP', '2019-02-05'),
(10000449, 'Krychu', 84, 'AWP', '2019-02-05'),
(10000450, 'UnKnOwNz', 150, 'ZMIANA ELO', '2019-02-06'),
(10000451, 'tama', 142, 'ZMIANA ELO', '2019-02-06'),
(10000452, 'psykfaII', 134, 'ZMIANA ELO', '2019-02-06'),
(10000453, 'Nexus1199', 116, 'ZMIANA ELO', '2019-02-06'),
(10000454, 'DiivaNi', 115, 'ZMIANA ELO', '2019-02-06'),
(10000455, 'smt1', 110, 'ZMIANA ELO', '2019-02-06'),
(10000456, 'nej0', 109, 'ZMIANA ELO', '2019-02-06'),
(10000457, 'guttaan', 108, 'ZMIANA ELO', '2019-02-06'),
(10000458, 'ciuralla', 105, 'ZMIANA ELO', '2019-02-06'),
(10000459, 'RBT', 102, 'ZMIANA ELO', '2019-02-06'),
(10000460, 'ptkhehe', 350, 'KILLE', '2019-02-06'),
(10000461, 'dannedunder1', 344, 'KILLE', '2019-02-06'),
(10000462, 'tama', 328, 'KILLE', '2019-02-06'),
(10000463, 'tesslan', 325, 'KILLE', '2019-02-06'),
(10000464, 'vundziak', 323, 'KILLE', '2019-02-06'),
(10000465, 'pr0xima', 285, 'KILLE', '2019-02-06'),
(10000466, 'brb', 271, 'KILLE', '2019-02-06'),
(10000467, 'ciuralla', 271, 'KILLE', '2019-02-06'),
(10000468, 'MjjsoN', 264, 'KILLE', '2019-02-06'),
(10000469, 'xiao', 263, 'KILLE', '2019-02-06'),
(10000470, 'ptkhehe', 158, 'AK-47', '2019-02-06'),
(10000471, 'vundziak', 136, 'AK-47', '2019-02-06'),
(10000472, 'tesslan', 128, 'AK-47', '2019-02-06'),
(10000473, 'shibaa', 128, 'AK-47', '2019-02-06'),
(10000474, 'dannedunder1', 124, 'AK-47', '2019-02-06'),
(10000475, 'nej0', 119, 'AK-47', '2019-02-06'),
(10000476, 'moe1g', 117, 'AK-47', '2019-02-06'),
(10000477, 'ASD', 111, 'AK-47', '2019-02-06'),
(10000478, 'pr0xima', 107, 'AK-47', '2019-02-06'),
(10000479, 'Niclasmeister', 106, 'AK-47', '2019-02-06'),
(10000480, 'xiao', 86, 'M4A1-M4A4', '2019-02-06'),
(10000481, 'vundziak', 81, 'M4A1-M4A4', '2019-02-06'),
(10000482, 'ptkhehe', 78, 'M4A1-M4A4', '2019-02-06'),
(10000483, 'JiN0', 62, 'M4A1-M4A4', '2019-02-06'),
(10000484, 'ciuralla', 57, 'M4A1-M4A4', '2019-02-06'),
(10000485, 'RORSCH4CH', 56, 'M4A1-M4A4', '2019-02-06'),
(10000486, 'NeriSD', 55, 'M4A1-M4A4', '2019-02-06'),
(10000487, 'St1vNN', 54, 'M4A1-M4A4', '2019-02-06'),
(10000488, 'miziL', 54, 'M4A1-M4A4', '2019-02-06'),
(10000489, 'ASD', 53, 'M4A1-M4A4', '2019-02-06'),
(10000490, 'momze1', 102, 'AWP', '2019-02-06'),
(10000491, 'guttaan', 89, 'AWP', '2019-02-06'),
(10000492, 'chucKyLAW', 80, 'AWP', '2019-02-06'),
(10000493, 'tama', 75, 'AWP', '2019-02-06'),
(10000494, 'Alfastas', 73, 'AWP', '2019-02-06'),
(10000495, 'tesslan', 73, 'AWP', '2019-02-06'),
(10000496, 'dannedunder1', 73, 'AWP', '2019-02-06'),
(10000497, 'Diagnostic', 69, 'AWP', '2019-02-06'),
(10000498, 'b0caz', 65, 'AWP', '2019-02-06'),
(10000499, 'neXt7', 64, 'AWP', '2019-02-06'),
(10000500, 'dFXonFIRE', 93, 'ZMIANA ELO', '2019-02-07'),
(10000501, 'Messaya', 54, 'ZMIANA ELO', '2019-02-07'),
(10000502, 'LucasV', 48, 'ZMIANA ELO', '2019-02-07'),
(10000503, 'Kirner', 48, 'ZMIANA ELO', '2019-02-07'),
(10000504, 'JJbozy', 48, 'ZMIANA ELO', '2019-02-07'),
(10000505, 'CZEST1', 45, 'ZMIANA ELO', '2019-02-07'),
(10000506, 'majran', 44, 'ZMIANA ELO', '2019-02-07'),
(10000507, 'lenio77731', 43, 'ZMIANA ELO', '2019-02-07'),
(10000508, 'Buba', 42, 'ZMIANA ELO', '2019-02-07'),
(10000509, 'BRAAAAM', 42, 'ZMIANA ELO', '2019-02-07'),
(10000510, 'JJbozy', 175, 'KILLE', '2019-02-07'),
(10000511, 'MichaszeK', 108, 'KILLE', '2019-02-07'),
(10000512, 'CZEST1', 104, 'KILLE', '2019-02-07'),
(10000513, 'dFXonFIRE', 101, 'KILLE', '2019-02-07'),
(10000514, 'mickyy', 96, 'KILLE', '2019-02-07'),
(10000515, 'alivee', 93, 'KILLE', '2019-02-07'),
(10000516, 'whitejuice', 92, 'KILLE', '2019-02-07'),
(10000517, 'LOu9', 91, 'KILLE', '2019-02-07'),
(10000518, 'Marcin', 87, 'KILLE', '2019-02-07'),
(10000519, 'mxrriS', 86, 'KILLE', '2019-02-07'),
(10000520, 'JJbozy', 76, 'AK-47', '2019-02-07'),
(10000521, 'mickyy', 59, 'AK-47', '2019-02-07'),
(10000522, 'whitejuice', 43, 'AK-47', '2019-02-07'),
(10000523, 'LOu9', 42, 'AK-47', '2019-02-07'),
(10000524, 'alivee', 40, 'AK-47', '2019-02-07'),
(10000525, 'sycik', 39, 'AK-47', '2019-02-07'),
(10000526, 'MichaszeK', 38, 'AK-47', '2019-02-07'),
(10000527, 'blueRabbit', 34, 'AK-47', '2019-02-07'),
(10000528, 'ptkhehe', 32, 'AK-47', '2019-02-07'),
(10000529, 'mxrriS', 31, 'AK-47', '2019-02-07'),
(10000530, 'JJbozy', 56, 'M4A1-M4A4', '2019-02-07'),
(10000531, 'dFXonFIRE', 40, 'M4A1-M4A4', '2019-02-07'),
(10000532, 'Kirner', 36, 'M4A1-M4A4', '2019-02-07'),
(10000533, 'alivee', 24, 'M4A1-M4A4', '2019-02-07'),
(10000534, 'Marcin', 23, 'M4A1-M4A4', '2019-02-07'),
(10000535, 'WoJc1K', 18, 'M4A1-M4A4', '2019-02-07'),
(10000536, 'blueRabbit', 17, 'M4A1-M4A4', '2019-02-07'),
(10000537, 'Orzel', 15, 'M4A1-M4A4', '2019-02-07'),
(10000538, 'BRAAAAM', 15, 'M4A1-M4A4', '2019-02-07'),
(10000539, 'lenio77731', 13, 'M4A1-M4A4', '2019-02-07'),
(10000540, 'LucasV', 24, 'AWP', '2019-02-07'),
(10000541, 'mxrriS', 24, 'AWP', '2019-02-07'),
(10000542, 'Kuberowsky', 24, 'AWP', '2019-02-07'),
(10000543, 'JJbozy', 21, 'AWP', '2019-02-07'),
(10000544, 'nojse', 19, 'AWP', '2019-02-07'),
(10000545, 'Fr0zEn111', 19, 'AWP', '2019-02-07'),
(10000546, 'Marcin', 13, 'AWP', '2019-02-07'),
(10000547, 'Orzel', 12, 'AWP', '2019-02-07'),
(10000548, 'lenio77731', 11, 'AWP', '2019-02-07'),
(10000549, 'rut', 11, 'AWP', '2019-02-07'),
(10000550, 'Messaya', 99, 'ZMIANA ELO', '2019-02-07'),
(10000551, 'MojitoM', 94, 'ZMIANA ELO', '2019-02-07'),
(10000552, 'sequ', 91, 'ZMIANA ELO', '2019-02-07'),
(10000553, 'Chaluny', 85, 'ZMIANA ELO', '2019-02-07'),
(10000554, 'Vietor', 84, 'ZMIANA ELO', '2019-02-07'),
(10000555, 'dFXonFIRE', 81, 'ZMIANA ELO', '2019-02-07'),
(10000556, 'BMG94', 80, 'ZMIANA ELO', '2019-02-07'),
(10000557, 'lokz', 77, 'ZMIANA ELO', '2019-02-07'),
(10000558, 'norek', 77, 'ZMIANA ELO', '2019-02-07'),
(10000559, 'KoRRti', 69, 'ZMIANA ELO', '2019-02-07'),
(10000560, 'BMG94', 260, 'KILLE', '2019-02-07'),
(10000561, 'JJbozy', 256, 'KILLE', '2019-02-07'),
(10000562, 'whitejuice', 253, 'KILLE', '2019-02-07'),
(10000563, 'mxrriS', 226, 'KILLE', '2019-02-07'),
(10000564, 'TMj', 223, 'KILLE', '2019-02-07'),
(10000565, 'KoRRti', 201, 'KILLE', '2019-02-07'),
(10000566, 'JacKobi', 200, 'KILLE', '2019-02-07'),
(10000567, 'mlynkOOO', 195, 'KILLE', '2019-02-07'),
(10000568, 'norek', 195, 'KILLE', '2019-02-07'),
(10000569, 'grubymontana', 184, 'KILLE', '2019-02-07'),
(10000570, 'whitejuice', 120, 'AK-47', '2019-02-07'),
(10000571, 'BMG94', 103, 'AK-47', '2019-02-07'),
(10000572, 'JJbozy', 101, 'AK-47', '2019-02-07'),
(10000573, 'sycik', 88, 'AK-47', '2019-02-07'),
(10000574, 'ptkhehe', 87, 'AK-47', '2019-02-07'),
(10000575, 'TMj', 81, 'AK-47', '2019-02-07'),
(10000576, 'Chaluny', 76, 'AK-47', '2019-02-07'),
(10000577, 'mxrriS', 75, 'AK-47', '2019-02-07'),
(10000578, 'norek', 71, 'AK-47', '2019-02-07'),
(10000579, 'grubymontana', 70, 'AK-47', '2019-02-07'),
(10000580, 'JJbozy', 66, 'M4A1-M4A4', '2019-02-07'),
(10000581, 'dFXonFIRE', 54, 'M4A1-M4A4', '2019-02-07'),
(10000582, 'BMG94', 50, 'M4A1-M4A4', '2019-02-07'),
(10000583, 'Kirner', 45, 'M4A1-M4A4', '2019-02-07'),
(10000584, 'lokz', 44, 'M4A1-M4A4', '2019-02-07'),
(10000585, 'xiao', 42, 'M4A1-M4A4', '2019-02-07'),
(10000586, 'alivee', 39, 'M4A1-M4A4', '2019-02-07'),
(10000587, 'whitejuice', 39, 'M4A1-M4A4', '2019-02-07'),
(10000588, 'Lumpy', 35, 'M4A1-M4A4', '2019-02-07'),
(10000589, 'luq155', 34, 'M4A1-M4A4', '2019-02-07'),
(10000590, 'shiBBy96', 79, 'AWP', '2019-02-07'),
(10000591, 'KoRRti', 73, 'AWP', '2019-02-07'),
(10000592, 'mxrriS', 71, 'AWP', '2019-02-07'),
(10000593, 'JacKobi', 63, 'AWP', '2019-02-07'),
(10000594, 'xwxbx', 57, 'AWP', '2019-02-07'),
(10000595, 'waxxy', 54, 'AWP', '2019-02-07'),
(10000596, 'LucasV', 50, 'AWP', '2019-02-07'),
(10000597, 'ikS', 48, 'AWP', '2019-02-07'),
(10000598, 'cezik1337', 48, 'AWP', '2019-02-07'),
(10000599, 'soonbg', 47, 'AWP', '2019-02-07'),
(10000600, 'Nexus1199', 93, 'ZMIANA ELO', '2019-02-08'),
(10000601, 'Spari', 91, 'ZMIANA ELO', '2019-02-08'),
(10000602, 'norek', 89, 'ZMIANA ELO', '2019-02-08'),
(10000603, 'JPKPRO', 77, 'ZMIANA ELO', '2019-02-08'),
(10000604, 'nojse', 73, 'ZMIANA ELO', '2019-02-08'),
(10000605, 'CziQi', 73, 'ZMIANA ELO', '2019-02-08'),
(10000606, 'Hajs', 70, 'ZMIANA ELO', '2019-02-08'),
(10000607, 'aaaaaaaaa', 67, 'ZMIANA ELO', '2019-02-08'),
(10000608, 'shork', 62, 'ZMIANA ELO', '2019-02-08'),
(10000609, 'maT95', 62, 'ZMIANA ELO', '2019-02-08'),
(10000610, 'Hajs', 482, 'KILLE', '2019-02-08'),
(10000611, 'ciuralla', 297, 'KILLE', '2019-02-08'),
(10000612, 'mxrriS', 291, 'KILLE', '2019-02-08'),
(10000613, 'MARRYS', 234, 'KILLE', '2019-02-08'),
(10000614, 'FarCiiiK', 226, 'KILLE', '2019-02-08'),
(10000615, 'Nexus1199', 218, 'KILLE', '2019-02-08'),
(10000616, 'BMG94', 214, 'KILLE', '2019-02-08'),
(10000617, 'whitejuice', 200, 'KILLE', '2019-02-08'),
(10000618, 'luq155', 195, 'KILLE', '2019-02-08'),
(10000619, 'Hijii', 177, 'KILLE', '2019-02-08'),
(10000620, 'Hajs', 142, 'AK-47', '2019-02-08'),
(10000621, 'whitejuice', 107, 'AK-47', '2019-02-08'),
(10000622, 'witam', 86, 'AK-47', '2019-02-08'),
(10000623, 'MARRYS', 84, 'AK-47', '2019-02-08'),
(10000624, 'mxrriS', 81, 'AK-47', '2019-02-08'),
(10000625, 'luq155', 80, 'AK-47', '2019-02-08'),
(10000626, 'xdawidekx', 75, 'AK-47', '2019-02-08'),
(10000627, 'ciuralla', 72, 'AK-47', '2019-02-08'),
(10000628, 'pieczka', 69, 'AK-47', '2019-02-08'),
(10000629, 'Hijii', 66, 'AK-47', '2019-02-08'),
(10000630, 'Hajs', 230, 'M4A1-M4A4', '2019-02-08'),
(10000631, 'ciuralla', 144, 'M4A1-M4A4', '2019-02-08'),
(10000632, 'Nexus1199', 122, 'M4A1-M4A4', '2019-02-08'),
(10000633, 'mxrriS', 121, 'M4A1-M4A4', '2019-02-08'),
(10000634, 'FarCiiiK', 109, 'M4A1-M4A4', '2019-02-08'),
(10000635, 'BMG94', 91, 'M4A1-M4A4', '2019-02-08'),
(10000636, 'Orrti', 64, 'M4A1-M4A4', '2019-02-08'),
(10000637, 'ptkhehe', 62, 'M4A1-M4A4', '2019-02-08'),
(10000638, 'BLUDYY', 48, 'M4A1-M4A4', '2019-02-08'),
(10000639, 'CziQi', 46, 'M4A1-M4A4', '2019-02-08'),
(10000640, 'JacKobi', 75, 'AWP', '2019-02-08'),
(10000641, 'Hijii', 46, 'AWP', '2019-02-08'),
(10000642, 'lillexx', 46, 'AWP', '2019-02-08'),
(10000643, 'XareX', 44, 'AWP', '2019-02-08'),
(10000644, 'nojse', 43, 'AWP', '2019-02-08'),
(10000645, 'Lexio', 43, 'AWP', '2019-02-08'),
(10000646, 'pAnar', 41, 'AWP', '2019-02-08'),
(10000647, 'Cappyshon', 40, 'AWP', '2019-02-08'),
(10000648, 'smarcik', 39, 'AWP', '2019-02-08'),
(10000649, 'JPKPRO', 37, 'AWP', '2019-02-08'),
(10000650, 'dzejsonstaD', 110, 'ZMIANA ELO', '2019-02-09'),
(10000651, 'Spari', 99, 'ZMIANA ELO', '2019-02-09'),
(10000652, 'Hijii', 86, 'ZMIANA ELO', '2019-02-09'),
(10000653, 'natka', 80, 'ZMIANA ELO', '2019-02-09'),
(10000654, 'Komurczak', 80, 'ZMIANA ELO', '2019-02-09'),
(10000655, '2Fast', 76, 'ZMIANA ELO', '2019-02-09'),
(10000656, 'xiao', 71, 'ZMIANA ELO', '2019-02-09'),
(10000657, 'koperski4', 65, 'ZMIANA ELO', '2019-02-09'),
(10000658, 'J0RD4N1', 62, 'ZMIANA ELO', '2019-02-09'),
(10000659, 'w1lko', 59, 'ZMIANA ELO', '2019-02-09'),
(10000660, 'luq155', 272, 'KILLE', '2019-02-09'),
(10000661, 'sequ', 246, 'KILLE', '2019-02-09'),
(10000662, 'MasujDz1ka', 223, 'KILLE', '2019-02-09'),
(10000663, 'dzejsonstaD', 216, 'KILLE', '2019-02-09'),
(10000664, 'Damisco', 185, 'KILLE', '2019-02-09'),
(10000665, 'xiao', 182, 'KILLE', '2019-02-09'),
(10000666, 'MojitoM', 180, 'KILLE', '2019-02-09'),
(10000667, 'majmaaa', 165, 'KILLE', '2019-02-09'),
(10000668, 'JacKobi', 164, 'KILLE', '2019-02-09'),
(10000669, 'isia44', 158, 'KILLE', '2019-02-09'),
(10000670, 'luq155', 92, 'AK-47', '2019-02-09'),
(10000671, '2ManyGOD', 80, 'AK-47', '2019-02-09'),
(10000672, 'ak01', 75, 'AK-47', '2019-02-09'),
(10000673, 'sequ', 71, 'AK-47', '2019-02-09'),
(10000674, 'MojitoM', 71, 'AK-47', '2019-02-09'),
(10000675, 'xiao', 70, 'AK-47', '2019-02-09'),
(10000676, 'Ciucmoq', 69, 'AK-47', '2019-02-09'),
(10000677, 'Damisco', 66, 'AK-47', '2019-02-09'),
(10000678, 'majmaaa', 65, 'AK-47', '2019-02-09'),
(10000679, 'cwieku', 65, 'AK-47', '2019-02-09'),
(10000680, 'luq155', 74, 'M4A1-M4A4', '2019-02-09'),
(10000681, 'norek', 59, 'M4A1-M4A4', '2019-02-09'),
(10000682, 'xiao', 56, 'M4A1-M4A4', '2019-02-09'),
(10000683, 'Damisco', 53, 'M4A1-M4A4', '2019-02-09'),
(10000684, 'majmaaa', 45, 'M4A1-M4A4', '2019-02-09'),
(10000685, 'dzejsonstaD', 41, 'M4A1-M4A4', '2019-02-09'),
(10000686, 'Volder', 35, 'M4A1-M4A4', '2019-02-09'),
(10000687, 'majkk', 34, 'M4A1-M4A4', '2019-02-09'),
(10000688, 'sequ', 31, 'M4A1-M4A4', '2019-02-09'),
(10000689, 'MojitoM', 31, 'M4A1-M4A4', '2019-02-09'),
(10000690, 'sequ', 93, 'AWP', '2019-02-09'),
(10000691, 'MasujDz1ka', 75, 'AWP', '2019-02-09'),
(10000692, 'Ciorny', 55, 'AWP', '2019-02-09'),
(10000693, 'sL1cK', 52, 'AWP', '2019-02-09'),
(10000694, 'mmat1', 52, 'AWP', '2019-02-09'),
(10000695, 'KUUKLIX', 47, 'AWP', '2019-02-09'),
(10000696, 'isia44', 41, 'AWP', '2019-02-09'),
(10000697, 'Fr0zEn111', 41, 'AWP', '2019-02-09'),
(10000698, 'JacKobi', 40, 'AWP', '2019-02-09'),
(10000699, 'minik01', 38, 'AWP', '2019-02-09'),
(10000700, 'majran', 104, 'ZMIANA ELO', '2019-02-10'),
(10000701, 'orzesz9k', 94, 'ZMIANA ELO', '2019-02-10'),
(10000702, 'WLX', 80, 'ZMIANA ELO', '2019-02-10'),
(10000703, 'Quai', 79, 'ZMIANA ELO', '2019-02-10'),
(10000704, 'LuckyGuy', 68, 'ZMIANA ELO', '2019-02-10'),
(10000705, 'parttar1', 68, 'ZMIANA ELO', '2019-02-10'),
(10000706, 'ChristopheeR', 67, 'ZMIANA ELO', '2019-02-10'),
(10000707, 'Grand', 67, 'ZMIANA ELO', '2019-02-10'),
(10000708, 'MjSk', 66, 'ZMIANA ELO', '2019-02-10'),
(10000709, 'mateii1998', 65, 'ZMIANA ELO', '2019-02-10'),
(10000710, 'Hajs', 456, 'KILLE', '2019-02-10'),
(10000711, 'FarCiiiK', 450, 'KILLE', '2019-02-10'),
(10000712, 'Grycek', 432, 'KILLE', '2019-02-10'),
(10000713, 'mxrriS', 346, 'KILLE', '2019-02-10'),
(10000714, 'BEASTfLOW', 250, 'KILLE', '2019-02-10'),
(10000715, 'orzesz9k', 196, 'KILLE', '2019-02-10'),
(10000716, 'Penny', 194, 'KILLE', '2019-02-10'),
(10000717, 'shork', 192, 'KILLE', '2019-02-10'),
(10000718, 'MasujDz1ka', 192, 'KILLE', '2019-02-10'),
(10000719, 'xwxbx', 189, 'KILLE', '2019-02-10'),
(10000720, 'Hajs', 206, 'AK-47', '2019-02-10'),
(10000721, 'Grycek', 182, 'AK-47', '2019-02-10'),
(10000722, 'FarCiiiK', 155, 'AK-47', '2019-02-10'),
(10000723, 'ptkhehe', 100, 'AK-47', '2019-02-10'),
(10000724, 'BEASTfLOW', 98, 'AK-47', '2019-02-10'),
(10000725, 'mxrriS', 95, 'AK-47', '2019-02-10'),
(10000726, 'Penny', 93, 'AK-47', '2019-02-10'),
(10000727, 'orzesz9k', 89, 'AK-47', '2019-02-10'),
(10000728, 'Kojtas', 85, 'AK-47', '2019-02-10'),
(10000729, 'shork', 81, 'AK-47', '2019-02-10'),
(10000730, 'FarCiiiK', 93, 'M4A1-M4A4', '2019-02-10'),
(10000731, 'Hajs', 78, 'M4A1-M4A4', '2019-02-10'),
(10000732, 'orzesz9k', 66, 'M4A1-M4A4', '2019-02-10'),
(10000733, 'Grycek', 59, 'M4A1-M4A4', '2019-02-10'),
(10000734, 'Robert222v3', 46, 'M4A1-M4A4', '2019-02-10'),
(10000735, 'patkagod', 42, 'M4A1-M4A4', '2019-02-10'),
(10000736, 'BEASTfLOW', 41, 'M4A1-M4A4', '2019-02-10'),
(10000737, 'mxrriS', 39, 'M4A1-M4A4', '2019-02-10'),
(10000738, 'BRAAAAM', 39, 'M4A1-M4A4', '2019-02-10'),
(10000739, 'Exiuu', 39, 'M4A1-M4A4', '2019-02-10'),
(10000740, 'Grycek', 87, 'AWP', '2019-02-10'),
(10000741, 'mxrriS', 82, 'AWP', '2019-02-10'),
(10000742, 'dero', 81, 'AWP', '2019-02-10'),
(10000743, 'MasujDz1ka', 73, 'AWP', '2019-02-10'),
(10000744, 'KinGu', 69, 'AWP', '2019-02-10'),
(10000745, 'xwxbx', 67, 'AWP', '2019-02-10'),
(10000746, 'FarCiiiK', 65, 'AWP', '2019-02-10'),
(10000747, 'sevencsgo', 53, 'AWP', '2019-02-10'),
(10000748, 'puffoj', 50, 'AWP', '2019-02-10'),
(10000749, 'WoJc1K', 46, 'AWP', '2019-02-10');

-- --------------------------------------------------------

--
-- Struktura tabeli dla tabeli `league`
--

CREATE TABLE `league` (
  `l_id` int(3) UNSIGNED ZEROFILL NOT NULL,
  `name` varchar(100) COLLATE utf8_unicode_ci DEFAULT NULL,
  `createtime` datetime DEFAULT NULL,
  `active` int(11) DEFAULT NULL
) ENGINE=MyISAM DEFAULT CHARSET=utf8 COLLATE=utf8_unicode_ci;

--
-- Zrzut danych tabeli `league`
--

INSERT INTO `league` (`l_id`, `name`, `createtime`, `active`) VALUES
(001, 'Hero League Season 1', '2019-01-18 02:50:00', 1),
(002, 'Hero League Season 2', '2019-02-03 23:00:00', 1);

-- --------------------------------------------------------

--
-- Struktura tabeli dla tabeli `league_score`
--

CREATE TABLE `league_score` (
  `id` int(4) UNSIGNED ZEROFILL NOT NULL,
  `user` varchar(50) COLLATE utf8_unicode_ci DEFAULT NULL,
  `points` int(11) DEFAULT NULL,
  `l_id` int(3) UNSIGNED ZEROFILL NOT NULL,
  `date` date DEFAULT NULL,
  `add_date` date DEFAULT NULL,
  `admin` varchar(40) CHARACTER SET utf8mb4 COLLATE utf8mb4_polish_ci DEFAULT NULL
) ENGINE=MyISAM DEFAULT CHARSET=utf8 COLLATE=utf8_unicode_ci;

--
-- Zrzut danych tabeli `league_score`
--

INSERT INTO `league_score` (`id`, `user`, `points`, `l_id`, `date`, `add_date`, `admin`) VALUES
(0001, 'QUALI', 10, 001, '2019-01-09', '2019-01-18', NULL);

-- --------------------------------------------------------

--
-- Struktura tabeli dla tabeli `logs`
--

CREATE TABLE `logs` (
  `id` int(10) UNSIGNED ZEROFILL NOT NULL,
  `u_id` int(3) UNSIGNED ZEROFILL DEFAULT NULL,
  `login` varchar(32) COLLATE utf8_unicode_ci DEFAULT NULL,
  `action` varchar(255) CHARACTER SET utf8mb4 COLLATE utf8mb4_polish_ci DEFAULT NULL,
  `actiondate` datetime DEFAULT NULL,
  `ip` varchar(100) COLLATE utf8_unicode_ci DEFAULT NULL
) ENGINE=MyISAM DEFAULT CHARSET=utf8 COLLATE=utf8_unicode_ci;

--
-- Zrzut danych tabeli `logs`
--

INSERT INTO `logs` (`id`, `u_id`, `login`, `action`, `actiondate`, `ip`) VALUES
(0000000001, 001, 'test', 'Zalogowa si.', '2019-01-21 00:25:04', '127.0.0.1');

-- --------------------------------------------------------

--
-- Struktura tabeli dla tabeli `replays`
--

CREATE TABLE `replays` (
  `id` int(6) UNSIGNED ZEROFILL NOT NULL,
  `link` varchar(255) NOT NULL,
  `repuser` varchar(32) NOT NULL,
  `report` varchar(64) NOT NULL,
  `repadmin` varchar(32) DEFAULT NULL,
  `ban` int(11) NOT NULL DEFAULT '0',
  `description` text CHARACTER SET utf8mb4 COLLATE utf8mb4_polish_ci,
  `admindesc` text CHARACTER SET utf8mb4 COLLATE utf8mb4_polish_ci,
  `replink` varchar(255) NOT NULL,
  `done` int(11) NOT NULL DEFAULT '0',
  `repdate` datetime DEFAULT NULL,
  `archivedate` datetime DEFAULT NULL,
  `archiveuser` varchar(32) DEFAULT NULL,
  `expiredate` datetime DEFAULT NULL
) ENGINE=MyISAM DEFAULT CHARSET=latin1;

--
-- Zrzut danych tabeli `replays`
--

INSERT INTO `replays` (`id`, `link`, `repuser`, `report`, `repadmin`, `ban`, `description`, `admindesc`, `replink`, `done`, `repdate`, `archivedate`, `archiveuser`, `expiredate`) VALUES
(000031, 'https://static.esportal.com/demo/470485.dem', 'sVaNn', 'Zle zachowanie / Griefing', 'Matthei', 1, 'Wyzywanie gracza, ktry nie uywa mikrofonu (kocowe rundy)', NULL, 'https://beta.esportal.pl/admin/report/4501894', 1, '2019-01-11 19:27:57', '2019-01-11 22:45:14', 'norbix', NULL);

-- --------------------------------------------------------

--
-- Struktura tabeli dla tabeli `users`
--

CREATE TABLE `users` (
  `id` int(3) UNSIGNED ZEROFILL NOT NULL,
  `login` varchar(32) NOT NULL,
  `password` varchar(48) NOT NULL,
  `email` varchar(100) NOT NULL,
  `permission` int(11) NOT NULL,
  `lastlogin` datetime DEFAULT NULL,
  `activitytime` datetime DEFAULT NULL,
  `active` int(1) DEFAULT '1',
  `token` varchar(34) DEFAULT NULL
) ENGINE=MyISAM DEFAULT CHARSET=latin1;

--
-- Zrzut danych tabeli `users`
--

INSERT INTO `users` (`id`, `login`, `password`, `email`, `permission`, `lastlogin`, `activitytime`, `active`, `token`) VALUES
(001, 'test', 'a207527eda7a7fcadbfaced955b5af9d', 'test@test.com', 1, '2019-02-11 14:46:39', '2019-02-11 14:45:47', 1, '65891b452ac4312328159eae32f13a27');
--
-- Indeksy dla zrzutw tabel
--

--
-- Indeksy dla tabeli `changelog`
--
ALTER TABLE `changelog`
  ADD PRIMARY KEY (`id`);

--
-- Indeksy dla tabeli `heroleague`
--
ALTER TABLE `heroleague`
  ADD PRIMARY KEY (`id`);

--
-- Indeksy dla tabeli `heroleague_copy`
--
ALTER TABLE `heroleague_copy`
  ADD PRIMARY KEY (`id`);

--
-- Indeksy dla tabeli `league`
--
ALTER TABLE `league`
  ADD PRIMARY KEY (`l_id`);

--
-- Indeksy dla tabeli `league_score`
--
ALTER TABLE `league_score`
  ADD PRIMARY KEY (`id`);

--
-- Indeksy dla tabeli `logs`
--
ALTER TABLE `logs`
  ADD PRIMARY KEY (`id`);

--
-- Indeksy dla tabeli `replays`
--
ALTER TABLE `replays`
  ADD PRIMARY KEY (`id`);

--
-- Indeksy dla tabeli `users`
--
ALTER TABLE `users`
  ADD PRIMARY KEY (`id`);

--
-- AUTO_INCREMENT for dumped tables
--

--
-- AUTO_INCREMENT dla tabeli `changelog`
--
ALTER TABLE `changelog`
  MODIFY `id` int(3) UNSIGNED ZEROFILL NOT NULL AUTO_INCREMENT, AUTO_INCREMENT=6;

--
-- AUTO_INCREMENT dla tabeli `heroleague`
--
ALTER TABLE `heroleague`
  MODIFY `id` int(8) UNSIGNED ZEROFILL NOT NULL AUTO_INCREMENT, AUTO_INCREMENT=10000701;

--
-- AUTO_INCREMENT dla tabeli `heroleague_copy`
--
ALTER TABLE `heroleague_copy`
  MODIFY `id` int(8) UNSIGNED ZEROFILL NOT NULL AUTO_INCREMENT, AUTO_INCREMENT=10000750;

--
-- AUTO_INCREMENT dla tabeli `league`
--
ALTER TABLE `league`
  MODIFY `l_id` int(3) UNSIGNED ZEROFILL NOT NULL AUTO_INCREMENT, AUTO_INCREMENT=4;

--
-- AUTO_INCREMENT dla tabeli `league_score`
--
ALTER TABLE `league_score`
  MODIFY `id` int(4) UNSIGNED ZEROFILL NOT NULL AUTO_INCREMENT, AUTO_INCREMENT=212;

--
-- AUTO_INCREMENT dla tabeli `logs`
--
ALTER TABLE `logs`
  MODIFY `id` int(10) UNSIGNED ZEROFILL NOT NULL AUTO_INCREMENT, AUTO_INCREMENT=1000000813;

--
-- AUTO_INCREMENT dla tabeli `replays`
--
ALTER TABLE `replays`
  MODIFY `id` int(6) UNSIGNED ZEROFILL NOT NULL AUTO_INCREMENT, AUTO_INCREMENT=100086;

--
-- AUTO_INCREMENT dla tabeli `users`
--
ALTER TABLE `users`
  MODIFY `id` int(3) UNSIGNED ZEROFILL NOT NULL AUTO_INCREMENT, AUTO_INCREMENT=50;
COMMIT;

/*!40101 SET CHARACTER_SET_CLIENT=@OLD_CHARACTER_SET_CLIENT */;
/*!40101 SET CHARACTER_SET_RESULTS=@OLD_CHARACTER_SET_RESULTS */;
/*!40101 SET COLLATION_CONNECTION=@OLD_COLLATION_CONNECTION */;
